Date,Dow,SPX
4/5/2002,10296,1125.5
4/8/2002,10278,1127.5
4/9/2002,10226,1120.5
4/10/2002,10383,1132
4/11/2002,10170,1104
4/12/2002,10195,1112
4/15/2002,10108,1104.25
4/16/2002,10344,1129.75
4/17/2002,10220,1128
4/18/2002,10125,1123
4/19/2002,10255,1126.75
4/22/2002,10141,1108.25
4/23/2002,10100,1103.25
4/24/2002,10022,1091.75
4/25/2002,10044,1092.5
4/26/2002,9872,1072
4/29/2002,9818,1065
4/30/2002,9930,1077.25
5/1/2002,10071,1088.5
5/2/2002,10091,1084.5
5/3/2002,10004,1073
5/6/2002,9797,1051.75
5/7/2002,9840,1047.5
5/8/2002,10112,1086.5
5/9/2002,10025,1074
5/10/2002,9933,1054
5/13/2002,10106,1075.5
5/14/2002,10290,1098.5
5/15/2002,10271,1094.5
5/16/2002,10296,1099
5/17/2002,10340,1105.25
5/20/2002,10242,1093.5
5/21/2002,10122,1083
5/22/2002,10144,1085
5/23/2002,10212,1097
5/24/2002,10099,1082.5
5/28/2002,9996,1076.5
5/29/2002,9930,1067.75
5/30/2002,9922,1065.75
5/31/2002,9895,1067.5
6/3/2002,9687,1038.75
6/4/2002,9714,1041.5
6/5/2002,9806,1050.5
6/6/2002,9536,1029.5
6/7/2002,9596,1028.25
6/10/2002,9652,1032
6/11/2002,9520,1014.25
6/12/2002,9625,1020.25
6/13/2002,9504,1010.75
6/14/2002,9477,1009
6/17/2002,9680,1035.5
6/18/2002,9688,1044.25
6/19/2002,9561,1019.5
6/20/2002,9435,1007
6/21/2002,9273,991.33
6/24/2002,9305,997
6/25/2002,9108,974.5
6/26/2002,9120,974.75
6/27/2002,9276,992
6/28/2002,9235,990
7/1/2002,9101,969.5
7/2/2002,9005,947.5
7/3/2002,9042,953.25
7/5/2002,9395,991
7/8/2002,9290,978.25
7/9/2002,9091,954
7/10/2002,8797,919
7/11/2002,8800,927
7/12/2002,8640,917.25
7/15/2002,8665,920.5
7/16/2002,8462,903.25
7/17/2002,8560,905
7/18/2002,8365,875.5
7/19/2002,8000,844
7/22/2002,7806,819.75
7/23/2002,7646,796.75
7/24/2002,8185,844
7/25/2002,8193,836.75
7/26/2002,8266,853.75
7/29/2002,8665,893.75
7/30/2002,8684,905.5
7/31/2002,8705,911.5
8/1/2002,8490,884
8/2/2002,8285,865
8/5/2002,8015,834
8/6/2002,8285,861
8/7/2002,8450,876
8/8/2002,8698,905.75
8/9/2002,8733,907.75
8/12/2002,8670,902.5
8/13/2002,8480,885.25
8/14/2002,8722,918
8/15/2002,8814,930.5
8/16/2002,8782,928
8/19/2002,8964,949
8/20/2002,8890,939.75
8/21/2002,8985,952.25
8/22/2002,9048,961
8/23/2002,8870,941
8/26/2002,8910,947.5
8/27/2002,8842,936.5
8/28/2002,8693,916.5
8/29/2002,8633,916
8/30/2002,8624,916
9/3/2002,8300,877.75
9/4/2002,8394,889.75
9/5/2002,8330,883.25
9/6/2002,8440,894.5
9/9/2002,8487,900.5
9/10/2002,8620,911
9/11/2002,8546,906
9/12/2002,8371,889.25
9/13/2002,8331,891
9/16/2002,8379,893
9/17/2002,8143,872.5
9/18/2002,8089,863.75
9/19/2002,7925,841.75
9/20/2002,7945,846.24
9/23/2002,7865,834.5
9/24/2002,7678,820.75
9/25/2002,7847,841.25
9/26/2002,7952,854.5
9/27/2002,7663,825.25
9/30/2002,7570,815
10/1/2002,7972,854
10/2/2002,7765,830.5
10/3/2002,7708,820.5
10/4/2002,7550,805.75
10/7/2002,7443,788.5
10/8/2002,7510,801
10/9/2002,7280,777.75
10/10/2002,7505,802.5
10/11/2002,7862,838.5
10/14/2002,7858,841.5
10/15/2002,8252,882.75
10/16/2002,8038,862.25
10/17/2002,8255,879
10/18/2002,8295,883.25
10/21/2002,8515,898.75
10/22/2002,8445,891.5
10/23/2002,8492,898.25
10/24/2002,8275,880.5
10/25/2002,8440,898.75
10/28/2002,8378,891.75
10/29/2002,8346,881.5
10/30/2002,8410,889.75
10/31/2002,8350,885.5
11/1/2002,8490,898.5
11/4/2002,8542,907.5
11/5/2002,8648,914
11/6/2002,8767,925.75
11/7/2002,8574,902.5
11/8/2002,8495,891.5
11/11/2002,8355,877.75
11/12/2002,8397,884.75
11/13/2002,8425,885.75
11/14/2002,8520,902.5
11/15/2002,8566,909
11/18/2002,8480,900
11/19/2002,8485,898
11/20/2002,8672,918.75
11/21/2002,8859,935.5
11/22/2002,8796,928.75
11/25/2002,8827,929.75
11/26/2002,8665,911.5
11/27/2002,8927,938
11/29/2002,8870,936
12/2/2002,8870,935.25
12/3/2002,8765,923.75
12/4/2002,8743,919
12/5/2002,8640,908.5
12/6/2002,8657,913.75
12/9/2002,8453,889.5
12/10/2002,8555,902
12/11/2002,8570,902.25
12/12/2002,8541,902
12/13/2002,8416,887.5
12/16/2002,8633,910.25
12/17/2002,8535,902.75
12/18/2002,8454,892.25
12/19/2002,8375,886
12/20/2002,8512,891.11
12/23/2002,8490,897
12/24/2002,8430,891.5
12/26/2002,8435,890.75
12/27/2002,8270,871.75
12/30/2002,8307,877.5
12/31/2002,8331,879
1/2/2003,8591,907.5
1/3/2003,8604,910
1/6/2003,8737,926.5
1/7/2003,8750,923.75
1/8/2003,8583,910
1/9/2003,8741,924.75
1/10/2003,8767,926.5
1/13/2003,8777,926.5
1/14/2003,8810,929.25
1/15/2003,8731,921
1/16/2003,8700,916.5
1/17/2003,8583,903
1/21/2003,8435,888.5
1/22/2003,8300,877.5
1/23/2003,8320,883
1/24/2003,8113,860.25
1/27/2003,7983,847.25
1/28/2003,8045,854.5
1/29/2003,8074,860.75
1/30/2003,7900,840
1/31/2003,8047,854.75
2/3/2003,8077,858.5
2/4/2003,8020,849.25
2/5/2003,7980,844.5
2/6/2003,7940,840.5
2/7/2003,7853,830.5
2/10/2003,7909,836
2/11/2003,7839,829.75
2/12/2003,7735,816.75
2/13/2003,7760,819
2/14/2003,7925,837
2/18/2003,8047,851.5
2/19/2003,8013,846.75
2/20/2003,7925,838.75
2/21/2003,8000,847.25
2/24/2003,7860,832.5
2/25/2003,7920,839.75
2/26/2003,7810,827.75
2/27/2003,7892,838.2
2/28/2003,7920,841
3/3/2003,7843,835.5
3/4/2003,7712,822.25
3/5/2003,7767,829.5
3/6/2003,7675,821.75
3/7/2003,7735,828.5
3/10/2003,7560,807.75
3/11/2003,7520,800.25
3/12/2003,7561,805.75
3/13/2003,7829,833.25
3/14/2003,7876,834.25
3/17/2003,8127,862
3/18/2003,8196,867.25
3/19/2003,8267,873.5
3/20/2003,8289,875.75
3/21/2003,8480,887.16
3/24/2003,8190,863.5
3/25/2003,8242,872.25
3/26/2003,8198,868
3/27/2003,8170,867.5
3/28/2003,8120,863
3/31/2003,7940,847
4/1/2003,8040,856.75
4/2/2003,8242,877.25
4/3/2003,8198,873.25
4/4/2003,8250,878.5
4/7/2003,8254,877
4/8/2003,8282,878.25
4/9/2003,8180,866.75
4/10/2003,8204,871.75
4/11/2003,8178,868.25
4/14/2003,8342,886
4/15/2003,8400,893.75
4/16/2003,8228,878.75
4/17/2003,8310,891.25
4/21/2003,8325,893
4/22/2003,8461,909.5
4/23/2003,8491,917.5
4/24/2003,8409,909.75
4/25/2003,8286,898.5
4/28/2003,8442,913.5
4/29/2003,8477,916
4/30/2003,8453,916
5/1/2003,8430,915
5/2/2003,8545,927.5
5/5/2003,8515,926.25
5/6/2003,8570,934.75
5/7/2003,8548,929.5
5/8/2003,8478,920.5
5/9/2003,8578,932.25
5/12/2003,8695,944.25
5/13/2003,8667,942.75
5/14/2003,8648,940.25
5/15/2003,8697,946.25
5/16/2003,8675,944.25
5/19/2003,8490,922.5
5/20/2003,8483,919.25
5/21/2003,8495,922
5/22/2003,8577,930.75
5/23/2003,8592,932.25
5/27/2003,8757,949.5
5/28/2003,8772,952
5/29/2003,8713,949.25
5/30/2003,8852,963.25
6/2/2003,8903,968.25
6/3/2003,8927,972.25
6/4/2003,9035,986.25
6/5/2003,9040,990.75
6/6/2003,9055,987.75
6/9/2003,8992,977
6/10/2003,9067,986.75
6/11/2003,9177,997.25
6/12/2003,9212,1000.5
6/13/2003,9131,989.75
6/16/2003,9316,1010.5
6/17/2003,9317,1010.75
6/18/2003,9296,1009.5
6/19/2003,9182,995.25
6/20/2003,9155,1001.56
6/23/2003,9058,981
6/24/2003,9084,981.5
6/25/2003,8975,972
6/26/2003,9049,983.5
6/27/2003,8950,973.25
6/30/2003,8957,973.25
7/1/2003,9020,981.25
7/2/2003,9127,993
7/3/2003,9035,982.5
7/7/2003,9198,1002.5
7/8/2003,9207,1007.5
7/9/2003,9141,1001
7/10/2003,9015,988.75
7/11/2003,9097,997.25
7/14/2003,9145,1002.5
7/15/2003,9115,1001
7/16/2003,9088,995
7/17/2003,9033,980.75
7/18/2003,9155,990.5
7/21/2003,9083,978
7/22/2003,9135,986.75
7/23/2003,9175,987.5
7/24/2003,9088,980.25
7/25/2003,9254,996.75
7/28/2003,9232,994
7/29/2003,9188,989
7/30/2003,9178,986.5
7/31/2003,9207,989.25
8/1/2003,9140,979.5
8/4/2003,9154,980.25
8/5/2003,8973,959.5
8/6/2003,9032,965
8/7/2003,9120,974.5
8/8/2003,9182,978
8/11/2003,9204,981.25
8/12/2003,9288,990
8/13/2003,9270,984.75
8/14/2003,9283,987.75
8/15/2003,9312,990.5
8/18/2003,9402,998.75
8/19/2003,9422,1003
8/20/2003,9390,999
8/21/2003,9416,1002
8/22/2003,9343,992.5
8/25/2003,9320,993.75
8/26/2003,9331,995.5
8/27/2003,9323,995.75
8/28/2003,9365,1001.25
8/29/2003,9409,1007.75
9/2/2003,9521,1022
9/3/2003,9571,1027
9/4/2003,9589,1028.25
9/5/2003,9505,1022.25
9/8/2003,9579,1030.5
9/9/2003,9513,1024
9/10/2003,9434,1013.5
9/11/2003,9460,1016.75
9/12/2003,9473,1018
9/15/2003,9451,1014.5
9/16/2003,9573,1029.5
9/17/2003,9563,1027.25
9/18/2003,9664,1039.25
9/19/2003,9601,1039.6
9/22/2003,9506,1021.25
9/23/2003,9527,1025.5
9/24/2003,9393,1007.25
9/25/2003,9280,997.75
9/26/2003,9280,994.5
9/29/2003,9342,1004.25
9/30/2003,9258,994
10/1/2003,9436,1016.5
10/2/2003,9467,1019.5
10/3/2003,9542,1028.5
10/6/2003,9571,1033.5
10/7/2003,9617,1037.25
10/8/2003,9616,1035
10/9/2003,9662,1038.5
10/10/2003,9674,1040.5
10/13/2003,9735,1044.5
10/14/2003,9782,1047.5
10/15/2003,9768,1044.5
10/16/2003,9771,1049.25
10/17/2003,9698,1037.75
10/20/2003,9759,1045.25
10/21/2003,9715,1043.5
10/22/2003,9586,1030.5
10/23/2003,9563,1028.5
10/24/2003,9572,1030
10/27/2003,9587,1030.75
10/28/2003,9721,1044.75
10/29/2003,9751,1046.25
10/30/2003,9787,1048.5
10/31/2003,9763,1049.5
11/3/2003,9813,1054.25
11/4/2003,9819,1052.25
11/5/2003,9814,1053.5
11/6/2003,9843,1058.5
11/7/2003,9773,1050.5
11/10/2003,9738,1046.25
11/11/2003,9719,1045.75
11/12/2003,9840,1057
11/13/2003,9828,1058
11/14/2003,9753,1049
11/17/2003,9706,1043.5
11/18/2003,9610,1032.75
11/19/2003,9686,1041
11/20/2003,9611,1032
11/21/2003,9633,1036.25
11/24/2003,9735,1049.5
11/25/2003,9755,1053.25
11/26/2003,9767,1056.75
11/27/2003,9776,1059
11/28/2003,9787,1057.75
12/1/2003,9889,1069
12/2/2003,9845,1067
12/3/2003,9880,1065
12/4/2003,9906,1069.5
12/5/2003,9858,1062.25
12/8/2003,9964,1069
12/9/2003,9907,1060.5
12/10/2003,9931,1060.75
12/11/2003,10010,1072.25
12/12/2003,10035,1074
12/15/2003,10025,1068.75
12/16/2003,10123,1075
12/17/2003,10157,1077.5
12/18/2003,10253,1090.25
12/19/2003,10237,1091.61
12/22/2003,10326,1092.75
12/23/2003,10308,1093.5
12/24/2003,10281,1093
12/26/2003,10292,1093.5
12/29/2003,10431,1107.75
12/30/2003,10400,1107.75
12/31/2003,10415,1110.5
1/2/2004,10398,1109
1/5/2004,10520,1120
1/6/2004,10514,1122
1/7/2004,10514,1125.5
1/8/2004,10562,1129.5
1/9/2004,10433,1120
1/12/2004,10479,1128.25
1/13/2004,10414,1121.25
1/14/2004,10527,1131.25
1/15/2004,10552,1133.25
1/16/2004,10575,1138
1/20/2004,10510,1137.5
1/21/2004,10597,1146
1/22/2004,10609,1144
1/23/2004,10551,1140.25
1/26/2004,10684,1154.25
1/27/2004,10588,1142.5
1/28/2004,10465,1129.25
1/29/2004,10470,1130.25
1/30/2004,10468,1130
2/2/2004,10485,1134.5
2/3/2004,10478,1133
2/4/2004,10440,1124
2/5/2004,10474,1126.5
2/6/2004,10556,1139
2/9/2004,10572,1140
2/10/2004,10585,1143.25
2/11/2004,10710,1155.25
2/12/2004,10688,1151
2/13/2004,10623,1145.75
2/17/2004,10706,1156.5
2/18/2004,10675,1151.25
2/19/2004,10663,1147.25
2/20/2004,10623,1143.75
2/23/2004,10605,1140
2/24/2004,10565,1138.5
2/25/2004,10597,1143
2/26/2004,10573,1143.25
2/27/2004,10582,1144.5
3/1/2004,10676,1155.5
3/2/2004,10588,1149
3/3/2004,10588,1150.75
3/4/2004,10581,1154.25
3/5/2004,10601,1157.75
3/8/2004,10498,1144
3/9/2004,10443,1139.5
3/10/2004,10260,1120.25
3/11/2004,10118,1105.5
3/12/2004,10228,1119.25
3/15/2004,10121,1106.25
3/16/2004,10185,1111.5
3/17/2004,10301,1123.75
3/18/2004,10308,1124.25
3/19/2004,10154,1120.18
3/22/2004,10037,1093.25
3/23/2004,10027,1091.25
3/24/2004,10036,1091.5
3/25/2004,10180,1106
3/26/2004,10179,1106
3/29/2004,10311,1121.75
3/30/2004,10357,1126
3/31/2004,10350,1125
4/1/2004,10369,1133.5
4/2/2004,10457,1142
4/5/2004,10530,1148.25
4/6/2004,10523,1144.75
4/7/2004,10488,1142.25
4/8/2004,10429,1139.5
4/12/2004,10501,1144
4/13/2004,10361,1128.25
4/14/2004,10380,1129.75
4/15/2004,10353,1125
4/16/2004,10438,1134
4/19/2004,10412,1133.75
4/20/2004,10268,1114.5
4/21/2004,10300,1122.5
4/22/2004,10432,1136.75
4/23/2004,10454,1139.5
4/26/2004,10459,1138
4/27/2004,10467,1138
4/28/2004,10343,1123.5
4/29/2004,10271,1114
4/30/2004,10203,1106
5/3/2004,10292,1116
5/4/2004,10278,1115.5
5/5/2004,10305,1122
5/6/2004,10222,1113
5/7/2004,10080,1095.5
5/10/2004,9952,1083.5
5/11/2004,9985,1092.25
5/12/2004,10053,1098.75
5/13/2004,9983,1093.75
5/14/2004,9997,1094.75
5/17/2004,9914,1085.5
5/18/2004,9957,1090.25
5/19/2004,9926,1086.75
5/20/2004,9954,1090.5
5/21/2004,9967,1092.5
5/24/2004,9970,1096.5
5/25/2004,10111,1112.5
5/26/2004,10120,1116
5/27/2004,10217,1122.75
5/28/2004,10200,1120.25
6/1/2004,10200,1121.25
6/2/2004,10263,1125.5
6/3/2004,10185,1115
6/4/2004,10250,1123.25
6/7/2004,10379,1140.25
6/8/2004,10424,1142
6/9/2004,10367,1131.5
6/10/2004,10403,1136.5
6/11/2004,10403,1136.5
6/14/2004,10338,1125.5
6/15/2004,10393,1134
6/16/2004,10376,1133
6/17/2004,10379,1131.75
6/18/2004,10397,1129.6
6/21/2004,10354,1129.25
6/22/2004,10392,1135
6/23/2004,10470,1144
6/24/2004,10438,1141.25
6/25/2004,10380,1135.25
6/28/2004,10330,1131.75
6/29/2004,10399,1135.75
6/30/2004,10430,1140.5
7/1/2004,10300,1126.25
7/2/2004,10274,1125.75
7/6/2004,10203,1115
7/7/2004,10231,1118
7/8/2004,10175,1110.75
7/9/2004,10202,1112.75
7/12/2004,10225,1113.5
7/13/2004,10227,1114.25
7/14/2004,10196,1111.25
7/15/2004,10130,1103.5
7/16/2004,10137,1102.75
7/19/2004,10072,1098.75
7/20/2004,10168,1112
7/21/2004,10013,1090.5
7/22/2004,10016,1093.75
7/23/2004,9955,1085.5
7/26/2004,9949,1083
7/27/2004,10062,1092.5
7/28/2004,10110,1095.5
7/29/2004,10121,1100.25
7/30/2004,10140,1101
8/2/2004,10165,1105.5
8/3/2004,10090,1097.25
8/4/2004,10105,1097
8/5/2004,9933,1078.5
8/6/2004,9800,1063.5
8/9/2004,9800,1064.25
8/10/2004,9917,1076.25
8/11/2004,9931,1075.75
8/12/2004,9818,1063.75
8/13/2004,9832,1066.25
8/16/2004,9939,1077.5
8/17/2004,9982,1083
8/18/2004,10081,1094.5
8/19/2004,10043,1091.25
8/20/2004,10109,1098.75
8/23/2004,10081,1096.25
8/24/2004,10107,1097.5
8/25/2004,10177,1103.75
8/26/2004,10170,1104.5
8/27/2004,10200,1108.25
8/30/2004,10123,1099
8/31/2004,10173,1104
9/1/2004,10171,1106.75
9/2/2004,10299,1119.5
9/3/2004,10271,1114.5
9/7/2004,10342,1122.25
9/8/2004,10327,1118.75
9/9/2004,10279,1117.5
9/10/2004,10303,1123.25
9/13/2004,10329,1127.75
9/14/2004,10330,1129.5
9/15/2004,10235,1120.25
9/16/2004,10253,1124
9/17/2004,10283,1127.02
9/20/2004,10198,1122.25
9/21/2004,10222,1127.25
9/22/2004,10092,1113
9/23/2004,10023,1107.25
9/24/2004,10047,1111.5
9/27/2004,9993,1105.25
9/28/2004,10065,1109.75
9/29/2004,10123,1115.25
9/30/2004,10065,1115
10/1/2004,10192,1133.25
10/4/2004,10207,1135.5
10/5/2004,10178,1136.5
10/6/2004,10237,1142.75
10/7/2004,10123,1131.5
10/8/2004,10039,1122
10/11/2004,10086,1126
10/12/2004,10068,1122.5
10/13/2004,9981,1112.25
10/14/2004,9888,1103
10/15/2004,9925,1108.25
10/18/2004,9945,1113
10/19/2004,9887,1103.5
10/20/2004,9865,1101.75
10/21/2004,9863,1107.75
10/22/2004,9749,1096
10/25/2004,9740,1095.25
10/26/2004,9881,1111.5
10/27/2004,9987,1124.75
10/28/2004,10000,1127.5
10/29/2004,10009,1130.25
11/1/2004,10042,1130.75
11/2/2004,10028,1130.5
11/3/2004,10141,1145
11/4/2004,10301,1160.5
11/5/2004,10390,1167.75
11/8/2004,10397,1166.5
11/9/2004,10387,1164.25
11/10/2004,10404,1164.75
11/11/2004,10475,1173.75
11/12/2004,10532,1182.75
11/15/2004,10562,1186
11/16/2004,10503,1177.5
11/17/2004,10574,1184.25
11/18/2004,10587,1185
11/19/2004,10478,1172.25
11/22/2004,10501,1178
11/23/2004,10517,1179.25
11/24/2004,10522,1182
11/26/2004,10510,1180.75
11/29/2004,10464,1176
11/30/2004,10451,1174
12/1/2004,10586,1189.75
12/2/2004,10594,1190.5
12/3/2004,10581,1189.25
12/6/2004,10543,1189.25
12/7/2004,10453,1177.75
12/8/2004,10507,1184
12/9/2004,10546,1188.5
12/10/2004,10555,1189.75
12/13/2004,10649,1200.25
12/14/2004,10679,1204
12/15/2004,10689,1204.75
12/16/2004,10715,1204.25
12/17/2004,10677,1190.45
12/20/2004,10685,1198.75
12/21/2004,10763,1208
12/22/2004,10822,1211
12/23/2004,10832,1211.75
12/27/2004,10800,1208.5
12/28/2004,10866,1215.5
12/29/2004,10844,1217
12/30/2004,10798,1214.75
12/31/2004,10768,1213.75
1/3/2005,10750,1206.25
1/4/2005,10648,1191
1/5/2005,10587,1183.25
1/6/2005,10621,1188.25
1/7/2005,10599,1186.25
1/10/2005,10628,1191.75
1/11/2005,10558,1184
1/12/2005,10605,1187.5
1/13/2005,10502,1178
1/14/2005,10547,1183.75
1/18/2005,10620,1195.75
1/19/2005,10529,1183.5
1/20/2005,10473,1176.5
1/21/2005,10393,1168.5
1/24/2005,10383,1166.25
1/25/2005,10466,1169.75
1/26/2005,10488,1173.25
1/27/2005,10468,1174.75
1/28/2005,10447,1174.75
1/31/2005,10485,1181.75
2/1/2005,10542,1189.25
2/2/2005,10585,1193.25
2/3/2005,10586,1189.5
2/4/2005,10695,1202
2/7/2005,10700,1200.75
2/8/2005,10722,1202.25
2/9/2005,10673,1193
2/10/2005,10746,1196.5
2/11/2005,10806,1207
2/14/2005,10793,1206.25
2/15/2005,10838,1210.75
2/16/2005,10837,1210.5
2/17/2005,10759,1201
2/18/2005,10797,1202.25
2/22/2005,10618,1184.75
2/23/2005,10686,1192.75
2/24/2005,10751,1200.75
2/25/2005,10842,1212
2/28/2005,10778,1204
3/1/2005,10827,1210
3/2/2005,10812,1209.5
3/3/2005,10826,1210
3/4/2005,10956,1224.25
3/7/2005,10938,1225.25
3/8/2005,10917,1220.5
3/9/2005,10802,1207
3/10/2005,10844,1209.5
3/11/2005,10785,1201
3/14/2005,10812,1207.75
3/15/2005,10751,1198.5
3/16/2005,10632,1187.75
3/17/2005,10625,1190
3/18/2005,10635,1190.7
3/21/2005,10581,1186.25
3/22/2005,10488,1174.25
3/23/2005,10470,1174.5
3/24/2005,10468,1175.5
3/28/2005,10504,1177.5
3/29/2005,10437,1170
3/30/2005,10558,1185.5
3/31/2005,10520,1184
4/1/2005,10431,1177.75
4/4/2005,10440,1179.75
4/5/2005,10480,1185.25
4/6/2005,10522,1189.25
4/7/2005,10570,1195.25
4/8/2005,10475,1183.5
4/11/2005,10463,1183.75
4/12/2005,10516,1190
4/13/2005,10409,1176
4/14/2005,10253,1160.5
4/15/2005,10083,1143.5
4/18/2005,10073,1146.75
4/19/2005,10137,1155.75
4/20/2005,10020,1139.75
4/21/2005,10226,1161.5
4/22/2005,10188,1157.25
4/25/2005,10256,1164
4/26/2005,10161,1153.75
4/27/2005,10194,1157.25
4/28/2005,10064,1143
4/29/2005,10197,1158.5
5/2/2005,10255,1163.5
5/3/2005,10283,1166
5/4/2005,10372,1175.25
5/5/2005,10346,1175
5/6/2005,10337,1171.25
5/9/2005,10374,1178.25
5/10/2005,10274,1166.25
5/11/2005,10301,1172.5
5/12/2005,10188,1159.25
5/13/2005,10158,1156.75
5/16/2005,10252,1167
5/17/2005,10337,1175.25
5/18/2005,10471,1186.75
5/19/2005,10496,1191.25
5/20/2005,10483,1190.25
5/23/2005,10540,1196.25
5/24/2005,10501,1193.75
5/25/2005,10473,1192.5
5/26/2005,10540,1198
5/27/2005,10551,1200.25
5/31/2005,10480,1192.25
6/1/2005,10537,1201.25
6/2/2005,10559,1205.25
6/3/2005,10481,1198.5
6/6/2005,10470,1198
6/7/2005,10494,1199
6/8/2005,10488,1196
6/9/2005,10501,1201
6/10/2005,10516,1199
6/13/2005,10536,1202.5
6/14/2005,10556,1205
6/15/2005,10571,1206.5
6/16/2005,10577,1210.5
6/17/2005,10646,1222.68
6/20/2005,10633,1220
6/21/2005,10644,1221
6/22/2005,10633,1221
6/23/2005,10436,1204
6/24/2005,10325,1195.75
6/27/2005,10323,1196.25
6/28/2005,10429,1206.75
6/29/2005,10383,1203
6/30/2005,10302,1195.5
7/1/2005,10333,1200
7/5/2005,10387,1209
7/6/2005,10288,1198.5
7/7/2005,10333,1202.75
7/8/2005,10472,1216.5
7/11/2005,10541,1223.5
7/12/2005,10528,1225.5
7/13/2005,10577,1228
7/14/2005,10655,1231.75
7/15/2005,10656,1231.25
7/18/2005,10617,1226.5
7/19/2005,10663,1233.25
7/20/2005,10683,1236.5
7/21/2005,10638,1230
7/22/2005,10666,1237
7/25/2005,10629,1234
7/26/2005,10598,1235
7/27/2005,10649,1239.75
7/28/2005,10717,1247
7/29/2005,10677,1236.75
8/1/2005,10633,1237.5
8/2/2005,10683,1245
8/3/2005,10708,1247.75
8/4/2005,10615,1238
8/5/2005,10569,1229.75
8/8/2005,10558,1227.25
8/9/2005,10632,1234.25
8/10/2005,10624,1233.75
8/11/2005,10685,1238.5
8/12/2005,10598,1231
8/15/2005,10659,1237.5
8/16/2005,10533,1221.5
8/17/2005,10562,1221.5
8/18/2005,10568,1221
8/19/2005,10592,1223.75
8/22/2005,10589,1224
8/23/2005,10550,1221.5
8/24/2005,10437,1210
8/25/2005,10460,1213.5
8/26/2005,10407,1206
8/29/2005,10478,1214.5
8/30/2005,10415,1208.6
8/31/2005,10502,1221.5
9/1/2005,10462,1221.75
9/2/2005,10462,1219.75
9/6/2005,10588,1234.25
9/7/2005,10623,1235.5
9/8/2005,10594,1232
9/9/2005,10678,1242
9/12/2005,10679,1240.25
9/13/2005,10617,1232.5
9/14/2005,10552,1228.5
9/15/2005,10556,1227.25
9/16/2005,10673,1232.79
9/19/2005,10606,1238
9/20/2005,10523,1227.5
9/21/2005,10419,1216
9/22/2005,10451,1219.75
9/23/2005,10452,1220.5
9/26/2005,10487,1221.5
9/27/2005,10495,1221.75
9/28/2005,10509,1222.75
9/29/2005,10577,1231.75
9/30/2005,10612,1234.25
10/3/2005,10567,1231.75
10/4/2005,10453,1216.75
10/5/2005,10348,1200.75
10/6/2005,10324,1197
10/7/2005,10323,1200
10/10/2005,10258,1190
10/11/2005,10276,1188.5
10/12/2005,10218,1178.5
10/13/2005,10216,1178
10/14/2005,10302,1190
10/17/2005,10370,1194.25
10/18/2005,10306,1181.5
10/19/2005,10447,1200.5
10/20/2005,10288,1179.5
10/21/2005,10240,1183.75
10/24/2005,10398,1202.5
10/25/2005,10394,1199
10/26/2005,10374,1196
10/27/2005,10252,1182.5
10/28/2005,10405,1199.75
10/31/2005,10410,1209.75
11/1/2005,10431,1206.25
11/2/2005,10486,1218
11/3/2005,10538,1223.75
11/4/2005,10534,1222
11/7/2005,10575,1222.75
11/8/2005,10570,1222.75
11/9/2005,10564,1223.75
11/10/2005,10660,1233.75
11/11/2005,10710,1238
11/14/2005,10726,1237.25
11/15/2005,10719,1232.5
11/16/2005,10706,1234.75
11/17/2005,10739,1245.25
11/18/2005,10782,1250.25
11/21/2005,10842,1257
11/22/2005,10884,1262
11/23/2005,10942,1268.5
11/24/2005,10942,1267.5
11/25/2005,10957,1270
11/28/2005,10923,1261
11/29/2005,10909,1259.25
11/30/2005,10833,1251
12/1/2005,10919,1264.5
12/2/2005,10889,1266
12/5/2005,10853,1263.5
12/6/2005,10876,1265.5
12/7/2005,10813,1258
12/8/2005,10765,1256.75
12/9/2005,10781,1259.25
12/12/2005,10774,1261
12/13/2005,10838,1269
12/14/2005,10896,1273.75
12/15/2005,10875,1269.5
12/16/2005,10922,1274.84
12/19/2005,10888,1267.5
12/20/2005,10858,1268
12/21/2005,10884,1270
12/22/2005,10933,1275.5
12/23/2005,10933,1276.5
12/27/2005,10832,1264
12/28/2005,10838,1265.25
12/29/2005,10820,1260
12/30/2005,10744,1254.75
1/3/2006,10882,1274.75
1/4/2006,10924,1280.5
1/5/2006,10934,1281.25
1/6/2006,10998,1291.75
1/9/2006,11045,1295
1/10/2006,11052,1296
1/11/2006,11075,1299.75
1/12/2006,11012,1293.5
1/13/2006,10995,1292.75
1/17/2006,10934,1289.5
1/18/2006,10891,1283.75
1/19/2006,10898,1288.25
1/20/2006,10684,1264.75
1/23/2006,10719,1269.25
1/24/2006,10732,1270.5
1/25/2006,10748,1271
1/26/2006,10832,1277.75
1/27/2006,10943,1289.25
1/30/2006,10918,1288.5
1/31/2006,10860,1283.5
2/1/2006,10985,1287.25
2/2/2006,10859,1272
2/3/2006,10801,1265.5
2/6/2006,10821,1268.75
2/7/2006,10767,1257.5
2/8/2006,10873,1268.25
2/9/2006,10896,1265.75
2/10/2006,10927,1268.25
2/13/2006,10916,1265.75
2/14/2006,11045,1278.25
2/15/2006,11071,1282.25
2/16/2006,11129,1291.75
2/17/2006,11122,1289
2/21/2006,11078,1285.25
2/22/2006,11128,1292.25
2/23/2006,11091,1290.25
2/24/2006,11088,1293
2/27/2006,11095,1294
2/28/2006,11002,1282.5
3/1/2006,11056,1292
3/2/2006,11045,1291.5
3/3/2006,11011,1286.5
3/6/2006,10963,1279.5
3/7/2006,10984,1277.5
3/8/2006,11004,1279.5
3/9/2006,10969,1272
3/10/2006,11077,1283
3/13/2006,11094,1285.5
3/14/2006,11154,1298.5
3/15/2006,11220,1303.75
3/16/2006,11267,1306.25
3/17/2006,11361,1310.16
3/20/2006,11357,1315.5
3/21/2006,11317,1307.5
3/22/2006,11387,1314.5
3/23/2006,11357,1311.75
3/24/2006,11351,1312.75
3/27/2006,11324,1311
3/28/2006,11220,1302.5
3/29/2006,11267,1310
3/30/2006,11204,1307.5
3/31/2006,11195,1303.25
4/3/2006,11197,1305.75
4/4/2006,11266,1314.75
4/5/2006,11293,1319
4/6/2006,11279,1317.5
4/7/2006,11184,1304
4/10/2006,11208,1305.5
4/11/2006,11144,1294
4/12/2006,11178,1295.5
4/13/2006,11179,1294.25
4/17/2006,11129,1293
4/18/2006,11308,1313.5
4/19/2006,11323,1315.25
4/20/2006,11386,1317
4/21/2006,11393,1317
4/24/2006,11389,1314.5
4/25/2006,11333,1309.5
4/26/2006,11382,1309
4/27/2006,11422,1315
4/28/2006,11427,1316
5/1/2006,11367,1308.25
5/2/2006,11454,1318
5/3/2006,11434,1312.25
5/4/2006,11466,1317
5/5/2006,11596,1329
5/8/2006,11606,1327.25
5/9/2006,11665,1329.25
5/10/2006,11679,1327.75
5/11/2006,11544,1311.75
5/12/2006,11408,1294.25
5/15/2006,11449,1297.25
5/16/2006,11441,1295
5/17/2006,11204,1269
5/18/2006,11149,1263
5/19/2006,11180,1270.75
5/22/2006,11132,1262
5/23/2006,11070,1252.5
5/24/2006,11139,1261.1
5/25/2006,11231,1276
5/26/2006,11302,1282.75
5/30/2006,11104,1260
5/31/2006,11188,1272
6/1/2006,11256,1285.75
6/2/2006,11253,1288.25
6/5/2006,11083,1269.5
6/6/2006,11013,1265.75
6/7/2006,10928,1256
6/8/2006,10906,1255.5
6/9/2006,10887,1251
6/12/2006,10794,1236.5
6/13/2006,10696,1222
6/14/2006,10821,1230.75
6/15/2006,11025,1257
6/16/2006,11088,1252.09
6/19/2006,11008,1248.5
6/20/2006,11075,1252.5
6/21/2006,11155,1261.75
6/22/2006,11101,1256
6/23/2006,11074,1255.5
6/26/2006,11127,1260.25
6/27/2006,11008,1249.75
6/28/2006,11058,1257.75
6/29/2006,11260,1282.5
6/30/2006,11247,1279.5
7/3/2006,11289,1288.25
7/5/2006,11214,1279.75
7/6/2006,11289,1282.75
7/7/2006,11159,1275
7/10/2006,11176,1277
7/11/2006,11209,1282.25
7/12/2006,11083,1268.25
7/13/2006,10886,1247.5
7/14/2006,10783,1242.25
7/17/2006,10797,1240.5
7/18/2006,10866,1245.75
7/19/2006,11048,1262.5
7/20/2006,10978,1254.25
7/21/2006,10906,1244.75
7/24/2006,11102,1267.5
7/25/2006,11127,1271.5
7/26/2006,11138,1273.25
7/27/2006,11169,1272.25
7/28/2006,11254,1284.25
7/31/2006,11230,1281.75
8/1/2006,11164,1276.75
8/2/2006,11235,1284.25
8/3/2006,11292,1287.25
8/4/2006,11278,1286
8/7/2006,11267,1282.25
8/8/2006,11207,1276.75
8/9/2006,11116,1271.5
8/10/2006,11150,1275.5
8/11/2006,11120,1272.25
8/14/2006,11133,1273.25
8/15/2006,11248,1287.75
8/16/2006,11352,1299
8/17/2006,11356,1301
8/18/2006,11409,1307
8/21/2006,11386,1302.25
8/22/2006,11358,1302
8/23/2006,11334,1297.75
8/24/2006,11301,1296
8/25/2006,11308,1297.5
8/28/2006,11363,1303.75
8/29/2006,11372,1305
8/30/2006,11390,1305
8/31/2006,11391,1305.5
9/1/2006,11472,1312.5
9/5/2006,11478,1314.5
9/6/2006,11415,1302.75
9/7/2006,11352,1296.25
9/8/2006,11383,1299.25
9/11/2006,11395,1300.5
9/12/2006,11496,1313.75
9/13/2006,11538,1317.5
9/14/2006,11543,1318
9/15/2006,11660,1323.12
9/18/2006,11649,1334.25
9/19/2006,11625,1330.5
9/20/2006,11697,1336.5
9/21/2006,11623,1330.25
9/22/2006,11593,1326
9/25/2006,11648,1335.75
9/26/2006,11748,1346.75
9/27/2006,11774,1347.75
9/28/2006,11769,1347.25
9/29/2006,11749,1345.5
10/2/2006,11735,1340.5
10/3/2006,11790,1343.25
10/4/2006,11906,1358.25
10/5/2006,11926,1360.75
10/6/2006,11918,1358.75
10/9/2006,11928,1359.25
10/10/2006,11919,1360.75
10/11/2006,11919,1359
10/12/2006,12006,1370.75
10/13/2006,12020,1373.5
10/16/2006,12032,1376
10/17/2006,12014,1371.75
10/18/2006,12040,1372.5
10/19/2006,12059,1374.25
10/20/2006,12048,1375
10/23/2006,12143,1380.75
10/24/2006,12176,1384.75
10/25/2006,12189,1389.25
10/26/2006,12189,1393
10/27/2006,12137,1384.75
10/30/2006,12122,1383.25
10/31/2006,12119,1383.25
11/1/2006,12063,1373
11/2/2006,12036,1371.25
11/3/2006,12008,1368.5
11/6/2006,12133,1383.75
11/7/2006,12188,1389
11/8/2006,12208,1391.5
11/9/2006,12141,1384
11/10/2006,12133,1384.75
11/13/2006,12159,1388
11/14/2006,12254,1397.75
11/15/2006,12288,1401.5
11/16/2006,12350,1405
11/17/2006,12368,1404.75
11/20/2006,12352,1405.25
11/21/2006,12347,1406.25
11/22/2006,12354,1408.5
11/24/2006,12301,1403
11/27/2006,12137,1383.5
11/28/2006,12153,1388.5
11/29/2006,12253,1402.25
11/30/2006,12247,1403
12/1/2006,12224,1400.5
12/4/2006,12297,1410.75
12/5/2006,12348,1416.75
12/6/2006,12326,1414.75
12/7/2006,12286,1408.75
12/8/2006,12307,1410
12/11/2006,12340,1414.5
12/12/2006,12319,1412.75
12/13/2006,12334,1414.25
12/14/2006,12420,1426
12/15/2006,12535,1428.74
12/18/2006,12536,1434.75
12/19/2006,12551,1436.25
12/20/2006,12544,1435.25
12/21/2006,12501,1429.75
12/22/2006,12418,1420.25
12/26/2006,12494,1428.75
12/27/2006,12587,1437
12/28/2006,12574,1433.75
12/29/2006,12539,1428.5
1/2/2007,12539,1428.5
1/3/2007,12530,1424.75
1/4/2007,12549,1427.5
1/5/2007,12450,1416.5
1/8/2007,12492,1422.5
1/9/2007,12483,1420.5
1/10/2007,12508,1424.5
1/11/2007,12566,1431
1/12/2007,12626,1440.75
1/16/2007,12628,1438.75
1/17/2007,12639,1438.75
1/18/2007,12603,1433.25
1/19/2007,12610,1436.75
1/22/2007,12534,1431
1/23/2007,12592,1435.5
1/24/2007,12661,1446.25
1/25/2007,12541,1429.25
1/26/2007,12523,1427.5
1/29/2007,12525,1426.25
1/30/2007,12560,1434
1/31/2007,12660,1443
2/1/2007,12711,1450.75
2/2/2007,12689,1453
2/5/2007,12703,1453.75
2/6/2007,12697,1453.25
2/7/2007,12710,1455.75
2/8/2007,12672,1454
2/9/2007,12614,1443
2/12/2007,12584,1438
2/13/2007,12686,1449.5
2/14/2007,12765,1458.5
2/15/2007,12787,1459.5
2/16/2007,12787,1459
2/20/2007,12796,1461.75
2/21/2007,12758,1460.5
2/22/2007,12704,1459.25
2/23/2007,12664,1453.75
2/26/2007,12654,1452.5
2/27/2007,12180,1395.25
2/28/2007,12274,1409
3/1/2007,12252,1405
3/2/2007,12108,1385.75
3/5/2007,12036,1372.25
3/6/2007,12215,1395.5
3/7/2007,12201,1393.25
3/8/2007,12280,1404.75
3/9/2007,12288,1405
3/12/2007,12313,1407
3/13/2007,12091,1379.75
3/14/2007,12152,1389.5
3/15/2007,12171,1391.5
3/16/2007,12185,1396.12
3/19/2007,12329,1415.75
3/20/2007,12385,1423.5
3/21/2007,12523,1445
3/22/2007,12545,1445
3/23/2007,12567,1447
3/26/2007,12533,1445.25
3/27/2007,12484,1440.5
3/28/2007,12388,1429.5
3/29/2007,12416,1431.5
3/30/2007,12440,1431.25
4/2/2007,12449,1433.25
4/3/2007,12580,1447.25
4/4/2007,12595,1448.5
4/5/2007,12622,1452.75
4/9/2007,12639,1454.5
4/10/2007,12632,1456
4/11/2007,12554,1448.5
4/12/2007,12604,1455.5
4/13/2007,12673,1461.25
4/16/2007,12769,1475.5
4/17/2007,12826,1479
4/18/2007,12858,1480.25
4/19/2007,12871,1480.25
4/20/2007,13019,1493
4/23/2007,12974,1488.25
4/24/2007,13007,1488.5
4/25/2007,13120,1500.75
4/26/2007,13169,1502.75
4/27/2007,13175,1502
4/30/2007,13116,1488.5
5/1/2007,13178,1492.75
5/2/2007,13248,1501
5/3/2007,13278,1508.25
5/4/2007,13319,1514.25
5/7/2007,13340,1514.25
5/8/2007,13346,1512.25
5/9/2007,13384,1515.5
5/10/2007,13269,1499.25
5/11/2007,13379,1512.25
5/14/2007,13388,1508.75
5/15/2007,13438,1508.5
5/16/2007,13530,1518
5/17/2007,13506,1515.25
5/18/2007,13599,1528
5/21/2007,13571,1528
5/22/2007,13559,1525.25
5/23/2007,13558,1525.5
5/24/2007,13480,1511.5
5/25/2007,13527,1517.25
5/29/2007,13558,1522.5
5/30/2007,13656,1534
5/31/2007,13650,1533
6/1/2007,13689,1539.5
6/4/2007,13678,1540.25
6/5/2007,13615,1533.75
6/6/2007,13461,1516.5
6/7/2007,13261,1489.25
6/8/2007,13424,1508
6/11/2007,13435,1510.5
6/12/2007,13302,1493
6/13/2007,13485,1515.5
6/14/2007,13568,1524.75
6/15/2007,13753,1535
6/18/2007,13730,1546
6/19/2007,13755,1549
6/20/2007,13608,1527
6/21/2007,13660,1535.75
6/22/2007,13506,1520.5
6/25/2007,13479,1513.5
6/26/2007,13396,1497.75
6/27/2007,13520,1519
6/28/2007,13517,1517.25
6/29/2007,13517,1515.5
7/2/2007,13627,1531
7/3/2007,13665,1536.25
7/5/2007,13650,1534.5
7/6/2007,13708,1542.5
7/9/2007,13740,1542.5
7/10/2007,13585,1520
7/11/2007,13677,1531
7/12/2007,13920,1555.75
7/13/2007,13973,1560
7/16/2007,14029,1559.75
7/17/2007,14050,1558.75
7/18/2007,14003,1554.75
7/19/2007,14061,1559.75
7/20/2007,13938,1545
7/23/2007,14011,1549
7/24/2007,13813,1522.5
7/25/2007,13841,1524.75
7/26/2007,13534,1488
7/27/2007,13284,1458
7/30/2007,13411,1480.75
7/31/2007,13275,1462
8/1/2007,13404,1470
8/2/2007,13527,1481.75
8/3/2007,13266,1443
8/6/2007,13471,1467.75
8/7/2007,13548,1482.5
8/8/2007,13705,1504
8/9/2007,13327,1458
8/10/2007,13237,1451
8/13/2007,13255,1455
8/14/2007,13089,1434.25
8/15/2007,12921,1414.5
8/16/2007,12944,1424.5
8/17/2007,13105,1450
8/20/2007,13149,1449
8/21/2007,13117,1450.25
8/22/2007,13275,1468.75
8/23/2007,13261,1466.5
8/24/2007,13407,1483.5
8/27/2007,13352,1469.75
8/28/2007,13095,1438.25
8/29/2007,13311,1465.5
8/30/2007,13279,1461.5
8/31/2007,13364,1476.75
9/4/2007,13456,1489.5
9/5/2007,13343,1476.5
9/6/2007,13378,1479.5
9/7/2007,13166,1459.75
9/10/2007,13158,1455.25
9/11/2007,13321,1472.75
9/12/2007,13330,1476.25
9/13/2007,13436,1485
9/14/2007,13454,1485
9/17/2007,13407,1477
9/18/2007,13739,1520
9/19/2007,13801,1528.75
9/20/2007,13762,1519.75
9/21/2007,13901,1533.38
9/24/2007,13862,1531.75
9/25/2007,13868,1529
9/26/2007,13958,1536.25
9/27/2007,14005,1544.5
9/28/2007,13994,1538
10/1/2007,14157,1556.5
10/2/2007,14106,1554.5
10/3/2007,14052,1550.75
10/4/2007,14041,1552.25
10/5/2007,14156,1570.75
10/8/2007,14112,1562.75
10/9/2007,14237,1576.25
10/10/2007,14142,1573.25
10/11/2007,14086,1565.25
10/12/2007,14179,1574.5
10/15/2007,14066,1560.25
10/16/2007,13972,1547.5
10/17/2007,13967,1552.5
10/18/2007,13940,1546.75
10/19/2007,13560,1505.75
10/22/2007,13610,1513.5
10/23/2007,13707,1525.5
10/24/2007,13706,1522
10/25/2007,13739,1525
10/26/2007,13848,1542.5
10/29/2007,13907,1547
10/30/2007,13822,1536
10/31/2007,13936,1554.9
11/1/2007,13608,1515.75
11/2/2007,13642,1517.5
11/5/2007,13555,1505.5
11/6/2007,13677,1525
11/7/2007,13355,1482.75
11/8/2007,13262,1475.5
11/9/2007,13047,1455
11/12/2007,12990,1440.2
11/13/2007,13330,1483.25
11/14/2007,13275,1478
11/15/2007,13160,1458
11/16/2007,13190,1460.25
11/19/2007,12993,1437.5
11/20/2007,13060,1446
11/21/2007,12816,1417.75
11/23/2007,12986,1442
11/26/2007,12772,1409.25
11/27/2007,12955,1426.5
11/28/2007,13307,1470.5
11/29/2007,13333,1471.5
11/30/2007,13422,1483.75
12/3/2007,13349,1475.5
12/4/2007,13262,1463.25
12/5/2007,13456,1487
12/6/2007,13617,1507.5
12/7/2007,13650,1507.25
12/10/2007,13751,1518.75
12/11/2007,13450,1478
12/12/2007,13500,1490.25
12/13/2007,13514,1488
12/14/2007,13355,1468
12/17/2007,13184,1446.5
12/18/2007,13243,1455.75
12/19/2007,13212,1454
12/20/2007,13263,1464
12/21/2007,13550,1474.95
12/24/2007,13627,1506.5
12/26/2007,13643,1509.75
12/27/2007,13459,1489.75
12/28/2007,13427,1485.5
12/31/2007,13328,1477.25
1/2/2008,13136,1458.5
1/3/2008,13143,1458.75
1/4/2008,12887,1423
1/7/2008,12878,1421.5
1/8/2008,12651,1397
1/9/2008,12745,1411.5
1/10/2008,12844,1421
1/11/2008,12661,1407.75
1/14/2008,12798,1420.25
1/15/2008,12564,1388
1/16/2008,12490,1376
1/17/2008,12216,1339.75
1/18/2008,12106,1325.25
1/22/2008,11951,1309.25
1/23/2008,12272,1341.5
1/24/2008,12365,1352.25
1/25/2008,12236,1334
1/28/2008,12377,1354.5
1/29/2008,12471,1362
1/30/2008,12394,1350.5
1/31/2008,12614,1379.5
2/1/2008,12756,1397
2/4/2008,12612,1378.75
2/5/2008,12320,1343.25
2/6/2008,12235,1330
2/7/2008,12278,1340.25
2/8/2008,12177,1330.25
2/11/2008,12238,1338.25
2/12/2008,12386,1349.75
2/13/2008,12525,1363.75
2/14/2008,12396,1351
2/15/2008,12350,1351.25
2/19/2008,12388,1355.5
2/20/2008,12429,1359
2/21/2008,12321,1347
2/22/2008,12395,1355.5
2/25/2008,12566,1371.5
2/26/2008,12699,1382.75
2/27/2008,12693,1380.5
2/28/2008,12577,1365.75
2/29/2008,12306,1331.25
3/3/2008,12252,1332
3/4/2008,12222,1327
3/5/2008,12276,1335.5
3/6/2008,12070,1308
3/7/2008,11891,1292.75
3/10/2008,11779,1275.5
3/11/2008,12190,1324
3/12/2008,12124,1309.5
3/13/2008,12147,1313.25
3/14/2008,11982,1291.5
3/17/2008,12000,1278.5
3/18/2008,12402,1332.5
3/19/2008,12125,1298.5
3/24/2008,12540,1351.5
3/25/2008,12515,1351.5
3/26/2008,12383,1335.5
3/27/2008,12321,1329.75
3/28/2008,12236,1319
3/31/2008,12257,1324
4/1/2008,12627,1370.5
4/2/2008,12619,1371
4/3/2008,12637,1373.5
4/4/2008,12610,1372
4/7/2008,12602,1372.25
4/8/2008,12610,1371
4/9/2008,12572,1360.25
4/10/2008,12600,1362.75
4/11/2008,12339,1335.5
4/14/2008,12316,1331.25
4/15/2008,12354,1336
4/16/2008,12654,1371
4/17/2008,12658,1372.25
4/18/2008,12810,1388
4/21/2008,12808,1388.25
4/22/2008,12736,1380.75
4/23/2008,12748,1378.5
4/24/2008,12831,1386
4/25/2008,12875,1397
4/28/2008,12879,1397.5
4/29/2008,12826,1391.25
4/30/2008,12807,1386
5/1/2008,13001,1411.5
5/2/2008,13060,1415.75
5/5/2008,12967,1408.25
5/6/2008,13028,1420.75
5/7/2008,12836,1395.25
5/8/2008,12824,1392
5/9/2008,12744,1389
5/12/2008,12864,1404.75
5/13/2008,12826,1404.75
5/14/2008,12879,1407.75
5/15/2008,12996,1424.5
5/16/2008,12983,1425.75
5/19/2008,13045,1429.75
5/20/2008,12850,1417.5
5/21/2008,12619,1393
5/22/2008,12616,1393.25
5/23/2008,12471,1373.5
5/27/2008,12553,1384.75
5/28/2008,12599,1391.5
5/29/2008,12624,1397.75
5/30/2008,12637,1400.5
6/2/2008,12506,1385.5
6/3/2008,12404,1378.5
6/4/2008,12404,1377.5
6/5/2008,12618,1405.25
6/6/2008,12214,1359.5
6/9/2008,12295,1363.5
6/10/2008,12276,1356.25
6/11/2008,12099,1335.75
6/12/2008,12156,1341
6/13/2008,12300,1357.5
6/16/2008,12259,1357.75
6/17/2008,12171,1351
6/18/2008,12028,1337
6/19/2008,12047,1340
6/23/2008,11831,1318.25
6/24/2008,11813,1315.5
6/25/2008,11807,1322.5
6/26/2008,11462,1284.5
6/27/2008,11357,1280
6/30/2008,11339,1281
7/1/2008,11379,1286.25
7/2/2008,11211,1262.75
7/3/2008,11288,1265
7/7/2008,11205,1251.75
7/8/2008,11375,1273.75
7/9/2008,11149,1248
7/10/2008,11217,1254.5
7/11/2008,11096,1239.75
7/14/2008,11035,1228.25
7/15/2008,10918,1211.5
7/16/2008,11206,1241
7/17/2008,11401,1253.5
7/18/2008,11501,1260.5
7/21/2008,11465,1261.5
7/22/2008,11564,1274.25
7/23/2008,11613,1282.5
7/24/2008,11351,1253.75
7/25/2008,11316,1253.75
7/28/2008,11136,1235
7/29/2008,11373,1261.75
7/30/2008,11580,1284.75
7/31/2008,11359,1267
8/1/2008,11306,1260.25
8/4/2008,11271,1248.75
8/5/2008,11585,1283
8/6/2008,11631,1287.75
8/7/2008,11439,1268
8/8/2008,11687,1292.25
8/11/2008,11769,1305
8/12/2008,11645,1291.5
8/13/2008,11522,1284.5
8/14/2008,11618,1293.75
8/15/2008,11663,1299.75
8/18/2008,11499,1282
8/19/2008,11356,1268.5
8/20/2008,11406,1273.75
8/21/2008,11408,1275.5
8/22/2008,11617,1292.25
8/25/2008,11384,1266.5
8/26/2008,11412,1271.75
8/27/2008,11497,1282
8/28/2008,11695,1298
8/29/2008,11541,1282.5
9/2/2008,11514,1276.5
9/3/2008,11541,1275.25
9/4/2008,11200,1236.5
9/5/2008,11227,1241
9/8/2008,11505,1267
9/9/2008,11247,1226.5
9/10/2008,11291,1233.25
9/11/2008,11455,1251
9/12/2008,11458,1257.25
9/15/2008,10959,1195
9/16/2008,11052,1214.25
9/17/2008,10659,1160.75
9/18/2008,10982,1198.25
9/22/2008,11063,1213.75
9/23/2008,10854,1187
9/24/2008,10860,1193
9/25/2008,11018,1213.5
9/26/2008,11147,1214.5
9/29/2008,10474,1118.75
9/30/2008,10861,1169
10/1/2008,10887,1168.5
10/2/2008,10557,1124.5
10/3/2008,10364,1108.25
10/6/2008,9964,1053.25
10/7/2008,9538,1005.75
10/8/2008,9201,981
10/9/2008,8598,912.5
10/10/2008,8370,891
10/13/2008,9508,1016.75
10/14/2008,9362,1002.25
10/15/2008,8504,903.25
10/16/2008,8966,941
10/17/2008,8771,933.5
10/20/2008,9317,990.5
10/21/2008,9035,959.25
10/22/2008,8557,902.75
10/23/2008,8774,915.25
10/24/2008,8261,866
10/27/2008,8011,834.75
10/28/2008,9089,938.75
10/29/2008,8854,927
10/30/2008,9226,961.5
10/31/2008,9298,967.25
11/3/2008,9332,969.5
11/4/2008,9587,1003.25
11/5/2008,9175,958
11/6/2008,8700,904.5
11/7/2008,8996,936.25
11/10/2008,8887,921.5
11/11/2008,8637,893
11/12/2008,8280,853.5
11/13/2008,8830,907.75
11/14/2008,8371,861.5
11/17/2008,8259,851
11/18/2008,8494,866.5
11/19/2008,8027,812.5
11/20/2008,7487,748.25
11/21/2008,8036,792
11/24/2008,8385,848
11/25/2008,8445,853.25
11/26/2008,8698,886.25
11/28/2008,8821,895.25
12/1/2008,8139,815.75
12/2/2008,8432,849
12/3/2008,8579,868.5
12/4/2008,8402,847.5
12/5/2008,8612,872.5
12/8/2008,8875,904.75
12/9/2008,8720,889.5
12/10/2008,8715,895.75
12/11/2008,8597,875
12/12/2008,8689,886
12/15/2008,8604,873.25
12/16/2008,8914,913.5
12/17/2008,8800,904.25
12/18/2008,8737,895.5
12/19/2008,8649,889.74
12/22/2008,8539,871.25
12/23/2008,8388,858.5
12/24/2008,8423,865
12/26/2008,8472,869
12/29/2008,8488,870.5
12/30/2008,8640,888.25
12/31/2008,8727,900
1/2/2009,8958,925.5
1/5/2009,8918,927.5
1/6/2009,8950,930.5
1/7/2009,8744,905.25
1/8/2009,8696,906.75
1/9/2009,8523,885.5
1/12/2009,8444,868
1/13/2009,8408,868.5
1/14/2009,8159,839.75
1/15/2009,8162,839.25
1/16/2009,8243,848.5
1/20/2009,7945,806
1/21/2009,8178,836.75
1/22/2009,8092,825.5
1/23/2009,7973,823.5
1/26/2009,8037,830.75
1/27/2009,8093,839.25
1/28/2009,8322,871.5
1/29/2009,8112,842.75
1/30/2009,7955,822.5
2/2/2009,7887,821.25
2/3/2009,7986,831.5
2/4/2009,7925,829.75
2/5/2009,7994,840.5
2/6/2009,8254,867.75
2/9/2009,8218,865
2/10/2009,7878,827
2/11/2009,7896,831.5
2/12/2009,7937,835.5
2/13/2009,7779,820
2/17/2009,7507,785.5
2/18/2009,7483,779.5
2/19/2009,7462,779.5
2/20/2009,7352,769.5
2/23/2009,7116,745
2/24/2009,7304,768.75
2/25/2009,7228,761.5
2/26/2009,7178,752
2/27/2009,7052,734.25
3/2/2009,6790,705.5
3/3/2009,6669,689.5
3/4/2009,6830,708.5
3/5/2009,6631,686
3/6/2009,6674,687.75
3/9/2009,6528,676
3/10/2009,6887,716
3/11/2009,6914,720.5
3/12/2009,7168,751.5
3/13/2009,7232,757.75
3/16/2009,7236,757.25
3/17/2009,7407,778.75
3/18/2009,7498,795.5
3/19/2009,7411,784.25
3/20/2009,7454,789.4
3/23/2009,7712,817.25
3/24/2009,7620,803.5
3/25/2009,7680,808.25
3/26/2009,7849,827.25
3/27/2009,7762,816
3/30/2009,7480,784.25
3/31/2009,7562,794.75
4/1/2009,7718,809.25
4/2/2009,7958,835.5
4/3/2009,7983,840.5
4/6/2009,7916,830.5
4/7/2009,7762,814
4/8/2009,7793,822.5
4/9/2009,8017,852.5
4/13/2009,7995,854
4/14/2009,7884,840.25
4/15/2009,7980,848.5
4/16/2009,8063,861.5
4/17/2009,8084,866.75
4/20/2009,7820,833
4/21/2009,7923,847.75
4/22/2009,7816,837
4/23/2009,7915,848.75
4/24/2009,8056,866.5
4/27/2009,8002,856.75
4/28/2009,7967,851.75
4/29/2009,8125,869
4/30/2009,8126,870
5/1/2009,8181,876
5/4/2009,8359,902.75
5/5/2009,8382,903.5
5/6/2009,8471,917.25
5/7/2009,8387,907
5/8/2009,8516,924.75
5/11/2009,8402,909
5/12/2009,8436,906.75
5/13/2009,8294,885.25
5/14/2009,8287,889.5
5/15/2009,8267,883
5/18/2009,8470,907
5/19/2009,8449,906.5
5/20/2009,8395,900
5/21/2009,8295,888.75
5/22/2009,8260,885
5/26/2009,8461,908.75
5/27/2009,8297,892.5
5/28/2009,8384,905
5/29/2009,8488,918
6/1/2009,8688,939
6/2/2009,8714,942.5
6/3/2009,8669,931.75
6/4/2009,8730,940.5
6/5/2009,8762,940.5
6/8/2009,8759,938.75
6/9/2009,8742,939.5
6/10/2009,8754,940.5
6/11/2009,8751,942
6/12/2009,8790,944.75
6/15/2009,8619,923.5
6/16/2009,8514,912
6/17/2009,8493,909.75
6/18/2009,8550,917.75
6/19/2009,8608,926.15
6/22/2009,8283,888.5
6/23/2009,8257,890.25
6/24/2009,8256,898
6/25/2009,8414,916.5
6/26/2009,8373,914
6/29/2009,8458,921.25
6/30/2009,8394,915.5
7/1/2009,8448,919.25
7/2/2009,8241,893.25
7/6/2009,8277,895.5
7/7/2009,8131,879.25
7/8/2009,8116,873.75
7/9/2009,8134,879
7/10/2009,8085,874.25
7/13/2009,8259,895.5
7/14/2009,8304,901.5
7/15/2009,8543,927.25
7/16/2009,8669,935.75
7/17/2009,8697,937
7/20/2009,8805,949
7/21/2009,8886,953.5
7/22/2009,8833,949.5
7/23/2009,8991,969
7/24/2009,9058,977.75
7/27/2009,9070,980
7/28/2009,9050,976
7/29/2009,9047,975
7/30/2009,9090,982.25
7/31/2009,9126,984.5
8/3/2009,9248,1000.75
8/4/2009,9287,1004.75
8/5/2009,9245,1000.75
8/6/2009,9229,995
8/7/2009,9325,1006.5
8/10/2009,9320,1007.5
8/11/2009,9216,993
8/12/2009,9319,1002.25
8/13/2009,9388,1013.5
8/14/2009,9321,1005.75
8/17/2009,9120,978.25
8/18/2009,9207,989.5
8/19/2009,9276,997
8/20/2009,9320,1004.75
8/21/2009,9489,1025.25
8/24/2009,9493,1024.5
8/25/2009,9523,1026
8/26/2009,9526,1026.75
8/27/2009,9567,1029.25
8/28/2009,9536,1027.5
8/31/2009,9486,1019.75
9/1/2009,9303,996.5
9/2/2009,9277,994.25
9/3/2009,9330,1001.75
9/4/2009,9417,1014
9/8/2009,9496,1025
9/9/2009,9538,1032.5
9/10/2009,9605,1041.75
9/11/2009,9592,1041.5
9/14/2009,9611,1048
9/15/2009,9662,1050.25
9/16/2009,9786,1068
9/17/2009,9799,1067.5
9/18/2009,9838,1071.57
9/21/2009,9718,1060.5
9/22/2009,9771,1067.25
9/23/2009,9717,1059
9/24/2009,9635,1044.25
9/25/2009,9619,1041
9/28/2009,9728,1059
9/29/2009,9673,1054.75
9/30/2009,9653,1053
10/1/2009,9471,1027.5
10/2/2009,9435,1021.75
10/5/2009,9546,1036.5
10/6/2009,9654,1048.5
10/7/2009,9673,1053.5
10/8/2009,9747,1063.75
10/9/2009,9807,1068
10/12/2009,9819,1071.5
10/13/2009,9809,1068.75
10/14/2009,9952,1087.75
10/15/2009,9964,1089.75
10/16/2009,9924,1082
10/19/2009,10011,1091
10/20/2009,10000,1089.5
10/21/2009,9901,1078
10/22/2009,10038,1090.75
10/23/2009,9931,1077
10/26/2009,9841,1066.5
10/27/2009,9835,1060.5
10/28/2009,9711,1038.5
10/29/2009,9903,1061.5
10/30/2009,9664,1033
11/2/2009,9735,1039
11/3/2009,9717,1041.75
11/4/2009,9785,1047
11/5/2009,9954,1063.25
11/6/2009,9978,1066.25
11/9/2009,10192,1091.75
11/10/2009,10217,1092
11/11/2009,10259,1096.25
11/12/2009,10189,1087.25
11/13/2009,10242,1091.5
11/16/2009,10368,1106.25
11/17/2009,10398,1107.5
11/18/2009,10404,1108.5
11/19/2009,10327,1094.25
11/20/2009,10303,1090
11/23/2009,10422,1103.75
11/24/2009,10405,1103
11/25/2009,10442,1109
11/27/2009,10292,1089.5
11/30/2009,10334,1094.75
12/1/2009,10461,1108.5
12/2/2009,10439,1108
12/3/2009,10352,1098
12/4/2009,10400,1108
12/7/2009,10391,1103.75
12/8/2009,10271,1090
12/9/2009,10330,1095.5
12/10/2009,10402,1102
12/11/2009,10484,1108
12/14/2009,10498,1113.5
12/15/2009,10459,1108.75
12/16/2009,10451,1110.5
12/17/2009,10333,1099
12/18/2009,10359,1102.38
12/21/2009,10342,1108.25
12/22/2009,10408,1113.5
12/23/2009,10404,1115.5
12/24/2009,10466,1122
12/28/2009,10487,1123
12/29/2009,10487,1121.75
12/30/2009,10490,1122
12/31/2009,10365,1110.75
1/4/2010,10519,1128.75
1/5/2010,10515,1132.25
1/6/2010,10516,1133
1/7/2010,10545,1137.5
1/8/2010,10566,1141.5
1/11/2010,10604,1142.5
1/12/2010,10588,1134
1/13/2010,10628,1141.5
1/14/2010,10663,1145.25
1/15/2010,10563,1132.25
1/19/2010,10670,1145.75
1/20/2010,10557,1134
1/21/2010,10338,1111
1/22/2010,10151,1091
1/25/2010,10140,1092.5
1/26/2010,10138,1087.25
1/27/2010,10195,1094.5
1/28/2010,10062,1079.25
1/29/2010,10017,1070.5
2/1/2010,10137,1086.25
2/2/2010,10224,1097.25
2/3/2010,10241,1096.5
2/4/2010,9979,1061.75
2/5/2010,9941,1059.75
2/8/2010,9895,1056
2/9/2010,10004,1066.25
2/10/2010,9985,1063.25
2/11/2010,10110,1076.5
2/12/2010,10117,1079
2/16/2010,10241,1093.25
2/17/2010,10296,1099.5
2/18/2010,10375,1105.5
2/19/2010,10378,1106.25
2/22/2010,10374,1107.5
2/23/2010,10299,1097.25
2/24/2010,10355,1103.5
2/25/2010,10316,1102.25
2/26/2010,10311,1103.5
3/1/2010,10385,1114.5
3/2/2010,10399,1117.5
3/3/2010,10387,1118.5
3/4/2010,10431,1122.25
3/5/2010,10545,1136.5
3/8/2010,10538,1137
3/9/2010,10564,1140.5
3/10/2010,10565,1145.75
3/11/2010,10610,1150.5
3/12/2010,10635,1151.25
3/15/2010,10638,1150.25
3/16/2010,10686,1159.5
3/17/2010,10726,1165.75
3/18/2010,10780,1166
3/19/2010,10818,1172.95
3/22/2010,10727,1162
3/23/2010,10828,1169.5
3/24/2010,10787,1164.5
3/25/2010,10791,1162.75
3/26/2010,10798,1163.5
3/29/2010,10829,1168.75
3/30/2010,10854,1169.5
3/31/2010,10797,1165.25
4/1/2010,10860,1173.75
4/5/2010,10909,1183
4/6/2010,10913,1185.75
4/7/2010,10849,1179
4/8/2010,10884,1183.75
4/9/2010,10953,1192.5
4/12/2010,10952,1192.5
4/13/2010,10963,1193
4/14/2010,11065,1206.5
4/15/2010,11096,1208.5
4/16/2010,10984,1190.25
4/19/2010,11044,1195.5
4/20/2010,11074,1205.5
4/21/2010,11059,1200.5
4/22/2010,11068,1201.75
4/23/2010,11142,1212.25
4/26/2010,11151,1208.25
4/27/2010,10955,1181
4/28/2010,11015,1190
4/29/2010,11135,1205.25
4/30/2010,10960,1183.5
5/3/2010,11102,1198.5
5/4/2010,10892,1172.5
5/5/2010,10834,1164
5/6/2010,10457,1122.5
5/7/2010,10335,1107
5/10/2010,10741,1156.5
5/11/2010,10709,1152.25
5/12/2010,10876,1169.75
5/13/2010,10773,1156.75
5/14/2010,10609,1135.25
5/17/2010,10599,1134.5
5/18/2010,10490,1118.75
5/19/2010,10405,1110
5/20/2010,10056,1070
5/21/2010,10160,1084.5
5/24/2010,10043,1071
5/25/2010,10025,1073
5/26/2010,9921,1061.25
5/27/2010,10235,1101
5/28/2010,10126,1088.5
6/1/2010,10019,1069.5
6/2/2010,10232,1096.75
6/3/2010,10258,1103.5
6/4/2010,9946,1066
6/7/2010,9794,1048
6/8/2010,9914,1059.25
6/9/2010,9903,1055.5
6/10/2010,10146,1083.75
6/11/2010,10197,1089.25
6/14/2010,10201,1090.5
6/15/2010,10391,1113.5
6/16/2010,10403,1114
6/17/2010,10435,1116.25
6/18/2010,10455,1118.83
6/21/2010,10396,1110.5
6/22/2010,10233,1090.5
6/23/2010,10239,1087.5
6/24/2010,10099,1070.5
6/25/2010,10104,1074.75
6/28/2010,10088,1071
6/29/2010,9797,1035.25
6/30/2010,9716,1026.5
7/1/2010,9662,1021.75
7/2/2010,9596,1014.25
7/6/2010,9682,1024.25
7/7/2010,9980,1059.25
7/8/2010,10092,1067
7/9/2010,10132,1072.5
7/12/2010,10181,1076.5
7/13/2010,10288,1089.75
7/14/2010,10306,1091
7/15/2010,10292,1090.5
7/16/2010,10059,1063
7/19/2010,10060,1063.75
7/20/2010,10178,1080
7/21/2010,10058,1064
7/22/2010,10267,1087.75
7/23/2010,10386,1100.5
7/26/2010,10457,1109.5
7/27/2010,10494,1111
7/28/2010,10448,1102
7/29/2010,10409,1097
7/30/2010,10417,1098.25
8/2/2010,10617,1121.75
8/3/2010,10594,1118.25
8/4/2010,10635,1124.5
8/5/2010,10635,1123.5
8/6/2010,10613,1119.5
8/9/2010,10666,1125.5
8/10/2010,10618,1119.75
8/11/2010,10337,1085
8/12/2010,10271,1079.25
8/13/2010,10266,1076
8/16/2010,10273,1077
8/17/2010,10358,1089
8/18/2010,10352,1086.75
8/19/2010,10235,1071.25
8/20/2010,10202,1070.25
8/23/2010,10157,1065.5
8/24/2010,10023,1049.75
8/25/2010,10047,1054.5
8/26/2010,9967,1044.75
8/27/2010,10141,1063.75
8/30/2010,9979,1045
8/31/2010,10006,1048.25
9/1/2010,10272,1081.75
9/2/2010,10309,1089.5
9/3/2010,10436,1103.5
9/7/2010,10338,1091.25
9/8/2010,10392,1099.25
9/9/2010,10404,1102.5
9/10/2010,10459,1109.75
9/13/2010,10538,1121.25
9/14/2010,10530,1120.75
9/15/2010,10576,1125.75
9/16/2010,10618,1127.75
9/17/2010,10637,1133
9/20/2010,10671,1136.5
9/21/2010,10694,1134.75
9/22/2010,10673,1129.75
9/23/2010,10606,1120.5
9/24/2010,10784,1143.25
9/27/2010,10750,1137.75
9/28/2010,10788,1141.75
9/29/2010,10780,1141
9/30/2010,10723,1136.75
10/1/2010,10768,1142.25
10/4/2010,10707,1134.75
10/5/2010,10864,1154.75
10/6/2010,10906,1155.75
10/7/2010,10912,1156.5
10/8/2010,10947,1160.5
10/11/2010,10963,1162.25
10/12/2010,10957,1164.5
10/13/2010,11044,1174.25
10/14/2010,11052,1173.5
10/15/2010,11024,1175
10/18/2010,11045,1178.25
10/19/2010,10943,1163.75
10/20/2010,11063,1174.75
10/21/2010,11083,1175.75
10/22/2010,11090,1180.75
10/25/2010,11115,1182.75
10/26/2010,11124,1182.75
10/27/2010,11072,1178.75
10/28/2010,11049,1179.25
10/29/2010,11066,1179.75
11/1/2010,11090,1183
11/2/2010,11152,1192.75
11/3/2010,11177,1197.25
11/4/2010,11387,1218.5
11/5/2010,11376,1222
11/8/2010,11362,1220
11/9/2010,11313,1211
11/10/2010,11302,1214
11/11/2010,11242,1211
11/12/2010,11152,1195.5
11/15/2010,11173,1195.75
11/16/2010,10984,1174.75
11/17/2010,10995,1177.5
11/18/2010,11176,1197.75
11/19/2010,11179,1198.25
11/22/2010,11165,1198
11/23/2010,11014,1178.25
11/24/2010,11155,1196.5
11/26/2010,11030,1183.25
11/29/2010,11039,1186.5
11/30/2010,10996,1179.5
12/1/2010,11233,1204.5
12/2/2010,11363,1222.75
12/3/2010,11364,1223.5
12/6/2010,11353,1222
12/7/2010,11355,1223.25
12/8/2010,11368,1228.75
12/9/2010,11362,1233
12/10/2010,11408,1241
12/13/2010,11429,1241.25
12/14/2010,11484,1241.75
12/15/2010,11478,1237
12/16/2010,11490,1243.5
12/17/2010,11499,1242.35
12/20/2010,11404,1241.25
12/21/2010,11471,1250.75
12/22/2010,11495,1254.5
12/23/2010,11522,1253
12/27/2010,11503,1253.25
12/28/2010,11509,1254
12/29/2010,11532,1255.75
12/30/2010,11522,1254.5
12/31/2010,11513,1253
1/3/2011,11585,1265.25
1/4/2011,11619,1265.25
1/5/2011,11664,1271.75
1/6/2011,11646,1270.25
1/7/2011,11619,1267.5
1/10/2011,11587,1265.5
1/11/2011,11616,1270.5
1/12/2011,11708,1283.5
1/13/2011,11683,1281.25
1/14/2011,11725,1289.5
1/18/2011,11811,1294.75
1/19/2011,11786,1278.5
1/20/2011,11774,1276.25
1/21/2011,11822,1279.75
1/24/2011,11930,1288.5
1/25/2011,11922,1287.5
1/26/2011,11936,1293.5
1/27/2011,11944,1295.75
1/28/2011,11775,1271.5
1/31/2011,11840,1282.5
2/1/2011,11973,1302.75
2/2/2011,11985,1300
2/3/2011,12009,1303.25
2/4/2011,12045,1307.25
2/7/2011,12108,1315.75
2/8/2011,12196,1321.75
2/9/2011,12207,1319.25
2/10/2011,12194,1318.75
2/11/2011,12241,1327.25
2/14/2011,12224,1327.75
2/15/2011,12202,1326.25
2/16/2011,12252,1333
2/17/2011,12288,1337.75
2/18/2011,12375,1342.5
2/22/2011,12183,1314.5
2/23/2011,12094,1305.5
2/24/2011,12037,1302.75
2/25/2011,12110,1318.75
2/28/2011,12214,1326
3/1/2011,12022,1301
3/2/2011,12046,1305.75
3/3/2011,12239,1329.75
3/4/2011,12154,1320.25
3/7/2011,12078,1309
3/8/2011,12199,1320
3/9/2011,12174,1315.5
3/10/2011,11983,1294.25
3/11/2011,12065,1306
3/14/2011,11988,1295.5
3/15/2011,11853,1280
3/16/2011,11641,1258.75
3/17/2011,11776,1273.75
3/18/2011,11912,1291
3/21/2011,11963,1293
3/22/2011,11955,1288.25
3/23/2011,12021,1292
3/24/2011,12116,1305.25
3/25/2011,12170,1310
3/28/2011,12114,1302.25
3/29/2011,12225,1316.5
3/30/2011,12286,1324
3/31/2011,12252,1321
4/1/2011,12318,1327.75
4/4/2011,12337,1329.25
4/5/2011,12327,1326.75
4/6/2011,12357,1329
4/7/2011,12351,1328.5
4/8/2011,12326,1323.75
4/11/2011,12321,1319.5
4/12/2011,12193,1308.25
4/13/2011,12199,1308.75
4/14/2011,12228,1310.25
4/15/2011,12303,1318.75
4/18/2011,12140,1301
4/19/2011,12226,1308.5
4/20/2011,12396,1328.25
4/21/2011,12434,1331
4/25/2011,12427,1330.75
4/26/2011,12518,1341
4/27/2011,12641,1351
4/28/2011,12708,1355
4/29/2011,12756,1359.75
5/2/2011,12764,1357.75
5/3/2011,12749,1352
5/4/2011,12672,1343
5/5/2011,12570,1335
5/6/2011,12569,1334.5
5/9/2011,12631,1342.75
5/10/2011,12700,1353.75
5/11/2011,12597,1338.75
5/12/2011,12672,1347.5
5/13/2011,12556,1334
5/16/2011,12509,1325.5
5/17/2011,12437,1325.5
5/18/2011,12532,1338.5
5/19/2011,12591,1341.75
5/20/2011,12466,1327.75
5/23/2011,12362,1315.25
5/24/2011,12327,1313.5
5/25/2011,12351,1316.5
5/26/2011,12409,1326.5
5/27/2011,12428,1330
5/31/2011,12558,1344
6/1/2011,12274,1312
6/2/2011,12238,1312.5
6/3/2011,12125,1296.25
6/6/2011,12087,1285
6/7/2011,12072,1284.75
6/8/2011,12030,1277
6/9/2011,12113,1287.5
6/10/2011,11941,1269.25
6/13/2011,11953,1271.5
6/14/2011,12087,1290
6/15/2011,11901,1265.5
6/16/2011,11967,1269
6/17/2011,12047,1279.4
6/20/2011,12013,1273.75
6/21/2011,12088,1288
6/22/2011,12023,1279.75
6/23/2011,11976,1277
6/24/2011,11881,1264
6/27/2011,11990,1276.25
6/28/2011,12141,1294.5
6/29/2011,12218,1304.25
6/30/2011,12345,1315.5
7/1/2011,12514,1334.75
7/5/2011,12533,1336.75
7/6/2011,12569,1335.75
7/7/2011,12681,1351.75
7/8/2011,12615,1341.75
7/11/2011,12489,1318.5
7/12/2011,12413,1310.75
7/13/2011,12425,1312.25
7/14/2011,12382,1306.75
7/15/2011,12452,1315
7/18/2011,12328,1300.5
7/19/2011,12507,1321.25
7/20/2011,12507,1321.25
7/21/2011,12690,1342.5
7/22/2011,12621,1341
7/25/2011,12550,1333.5
7/26/2011,12432,1326.25
7/27/2011,12244,1299
7/28/2011,12193,1296.75
7/29/2011,12088,1288.5
8/1/2011,12040,1279.75
8/2/2011,11804,1247.25
8/3/2011,11818,1254.5
8/4/2011,11371,1198.75
8/5/2011,11402,1197.75
8/8/2011,10726,1111.25
8/9/2011,11194,1171.75
8/10/2011,10725,1123.5
8/11/2011,11084,1168.5
8/12/2011,11250,1176.75
8/15/2011,11403,1198.5
8/16/2011,11387,1192.25
8/17/2011,11381,1190
8/18/2011,11017,1143.5
8/19/2011,10820,1124
8/22/2011,10847,1123.25
8/23/2011,11141,1158.5
8/24/2011,11268,1172
8/25/2011,11131,1157.5
8/26/2011,11279,1176
8/29/2011,11517,1208
8/30/2011,11492,1204.75
8/31/2011,11603,1217.75
9/1/2011,11465,1201.25
9/2/2011,11208,1169.25
9/6/2011,11128,1164.5
9/7/2011,11415,1199
9/8/2011,11293,1185.75
9/9/2011,11021,1158
9/12/2011,11061,1163.25
9/13/2011,11095,1171.5
9/14/2011,11248,1188.5
9/15/2011,11452,1210.75
9/16/2011,11501,1216.74
9/19/2011,11323,1197.75
9/20/2011,11335,1196
9/21/2011,11007,1155.75
9/22/2011,10650,1123.5
9/23/2011,10697,1129.75
9/26/2011,10972,1158.5
9/27/2011,11120,1169.5
9/28/2011,10976,1148.75
9/29/2011,11099,1156.25
9/30/2011,10841,1126
10/3/2011,10529,1086.25
10/4/2011,10683,1113.5
10/5/2011,10838,1135
10/6/2011,11046,1157.5
10/7/2011,11066,1155
10/10/2011,11368,1191
10/11/2011,11330,1189.5
10/12/2011,11416,1198.25
10/13/2011,11392,1198
10/14/2011,11566,1219.25
10/17/2011,11301,1194
10/18/2011,11526,1223
10/19/2011,11444,1206.5
10/20/2011,11472,1210
10/21/2011,11757,1235.25
10/24/2011,11825,1247
10/25/2011,11662,1224.5
10/26/2011,11802,1237.5
10/27/2011,12168,1282.5
10/28/2011,12168,1281
10/31/2011,11897,1249.25
11/1/2011,11682,1224.5
11/2/2011,11768,1234.25
11/3/2011,11976,1255.75
11/4/2011,11941,1251
11/7/2011,12007,1257.5
11/8/2011,12123,1273.25
11/9/2011,11732,1225.5
11/10/2011,11855,1237.5
11/11/2011,12112,1261.5
11/14/2011,12060,1252.5
11/15/2011,12038,1254
11/16/2011,11845,1231
11/17/2011,11739,1214.75
11/18/2011,11767,1214
11/21/2011,11525,1190.75
11/22/2011,11447,1182.75
11/23/2011,11234,1160
11/25/2011,11187,1153.5
11/28/2011,11498,1191
11/29/2011,11565,1196.5
11/30/2011,12034,1246
12/1/2011,12003,1243.5
12/2/2011,12000,1243.5
12/5/2011,12066,1255
12/6/2011,12112,1255
12/7/2011,12214,1264
12/8/2011,12012,1236
12/9/2011,12210,1258.75
12/12/2011,12011,1235.25
12/13/2011,11964,1226.25
12/14/2011,11833,1212.5
12/15/2011,11899,1218
12/16/2011,11949,1225.05
12/19/2011,11703,1199
12/20/2011,12031,1236
12/21/2011,12024,1236.25
12/22/2011,12103,1249
12/23/2011,12217,1260.25
12/27/2011,12219,1260.25
12/28/2011,12081,1244.5
12/29/2011,12217,1257.5
12/30/2011,12150,1252.5
1/3/2012,12338,1272
1/4/2012,12356,1273
1/5/2012,12331,1273
1/6/2012,12309,1274.25
1/9/2012,12337,1275.5
1/10/2012,12390,1286
1/11/2012,12388,1288.25
1/12/2012,12413,1291.75
1/13/2012,12390,1289
1/17/2012,12420,1289.25
1/18/2012,12504,1302.25
1/19/2012,12587,1310.5
1/20/2012,12654,1310.75
1/23/2012,12650,1311
1/24/2012,12626,1311.5
1/25/2012,12688,1320.25
1/26/2012,12684,1315.25
1/27/2012,12614,1312.5
1/30/2012,12602,1309
1/31/2012,12577,1308.25
2/1/2012,12653,1319.75
2/2/2012,12666,1322.75
2/3/2012,12793,1339
2/6/2012,12776,1339
2/7/2012,12831,1344.75
2/8/2012,12843,1347
2/9/2012,12842,1348.25
2/10/2012,12767,1340.5
2/13/2012,12835,1349
2/14/2012,12840,1347.75
2/15/2012,12763,1342.25
2/16/2012,12870,1354.75
2/17/2012,12929,1359.75
2/21/2012,12945,1360
2/22/2012,12916,1356
2/23/2012,12974,1363
2/24/2012,12961,1363.25
2/27/2012,12969,1367.25
2/28/2012,12997,1371.5
2/29/2012,12937,1364.5
3/1/2012,12973,1374.5
3/2/2012,12968,1368.75
3/5/2012,12961,1364.5
3/6/2012,12744,1342
3/7/2012,12841,1352.75
3/8/2012,12911,1366.5
3/9/2012,12931,1372.5
3/12/2012,12966,1372.5
3/13/2012,13176,1396.25
3/14/2012,13195,1394.25
3/15/2012,13238,1401.75
3/16/2012,13303,1405.11
3/19/2012,13167,1404
3/20/2012,13108,1400
3/21/2012,13066,1397.5
3/22/2012,13001,1389
3/23/2012,13032,1394
3/26/2012,13200,1415
3/27/2012,13124,1406.5
3/28/2012,13053,1400.25
3/29/2012,13078,1398.25
3/30/2012,13142,1403.25
4/2/2012,13189,1412.5
4/3/2012,13132,1408.75
4/4/2012,13005,1393.25
4/5/2012,12978,1390.25
4/6/2012,12978,1390.25
4/9/2012,12850,1375
4/10/2012,12680,1357
4/11/2012,12744,1364
4/12/2012,12950,1386
4/13/2012,12788,1365
4/16/2012,12850,1364
4/17/2012,13024,1383.5
4/18/2012,12957,1378.25
4/19/2012,12902,1372.5
4/20/2012,12988,1375.25
4/23/2012,12871,1362.75
4/24/2012,12959,1370
4/25/2012,13040,1387.25
4/26/2012,13160,1396.75
4/27/2012,13164,1398.5
4/30/2012,13155,1393.5
5/1/2012,13218,1400.5
5/2/2012,13204,1397.5
5/3/2012,13143,1386
5/4/2012,12957,1362.5
5/7/2012,12959,1365.75
5/8/2012,12867,1358.5
5/9/2012,12795,1351
5/10/2012,12834,1357.5
5/11/2012,12788,1350
5/14/2012,12655,1334
5/15/2012,12605,1328.25
5/16/2012,12574,1322.5
5/17/2012,12413,1301.25
5/18/2012,12335,1290.75
5/21/2012,12490,1315.75
5/22/2012,12477,1314.75
5/23/2012,12466,1315.75
5/24/2012,12536,1322.5
5/25/2012,12429,1315
5/29/2012,12583,1333.5
5/30/2012,12381,1308.5
5/31/2012,12383,1309.25
6/1/2012,12103,1274
6/4/2012,12063,1273
6/5/2012,12126,1285
6/6/2012,12419,1315.5
6/7/2012,12479,1316.75
6/8/2012,12575,1328.75
6/11/2012,12382,1307
6/12/2012,12585,1326.75
6/13/2012,12501,1315.5
6/14/2012,12676,1333
6/15/2012,12730,1336.47
6/18/2012,12686,1341
6/19/2012,12762,1350.5
6/20/2012,12763,1350.75
6/21/2012,12502,1318.25
6/22/2012,12568,1326.75
6/25/2012,12431,1306.5
6/26/2012,12486,1315.5
6/27/2012,12553,1325.5
6/28/2012,12526,1322.5
6/29/2012,12808,1356.5
7/2/2012,12776,1357.5
7/3/2012,12867,1368
7/5/2012,12832,1361.5
7/6/2012,12727,1351.75
7/9/2012,12685,1349.25
7/10/2012,12585,1335.5
7/11/2012,12536,1336.25
7/12/2012,12502,1329.25
7/13/2012,12712,1351.75
7/16/2012,12648,1347.5
7/17/2012,12737,1358.5
7/18/2012,12860,1367.25
7/19/2012,12880,1372
7/20/2012,12773,1358.25
7/23/2012,12645,1343.75
7/24/2012,12524,1329.5
7/25/2012,12637,1335
7/26/2012,12825,1354.75
7/27/2012,13033,1382.5
7/30/2012,13001,1380.5
7/31/2012,12949,1374.5
8/1/2012,12923,1370.5
8/2/2012,12831,1362
8/3/2012,13055,1389
8/6/2012,13067,1390
8/7/2012,13119,1397
8/8/2012,13120,1398.25
8/9/2012,13138,1400.5
8/10/2012,13172,1402.5
8/13/2012,13137,1402.5
8/14/2012,13133,1401.5
8/15/2012,13135,1403.5
8/16/2012,13225,1413
8/17/2012,13247,1415.25
8/20/2012,13229,1414.75
8/21/2012,13199,1412.5
8/22/2012,13156,1412.25
8/23/2012,13039,1400
8/24/2012,13156,1409.75
8/27/2012,13107,1408.25
8/28/2012,13086,1407.75
8/29/2012,13084,1407.25
8/30/2012,12982,1397
8/31/2012,13079,1405
9/4/2012,13050,1406
9/5/2012,13050,1403.5
9/6/2012,13275,1431
9/7/2012,13296,1438.25
9/10/2012,13237,1426.5
9/11/2012,13293,1430.5
9/12/2012,13361,1439.5
9/13/2012,13520,1457.25
9/14/2012,13592,1465.75
9/17/2012,13541,1460.75
9/18/2012,13570,1459.25
9/19/2012,13570,1459.5
9/20/2012,13593,1460.5
9/21/2012,13652,1467.17
9/24/2012,13489,1451.5
9/25/2012,13405,1437.25
9/26/2012,13345,1427
9/27/2012,13414,1441
9/28/2012,13355,1434.25
10/1/2012,13437,1437
10/2/2012,13411,1441
10/3/2012,13426,1444.75
10/4/2012,13498,1455.75
10/5/2012,13536,1455.5
10/8/2012,13501,1449.75
10/9/2012,13412,1436
10/10/2012,13268,1426.25
10/11/2012,13265,1428.5
10/12/2012,13245,1421.5
10/15/2012,13359,1435.5
10/16/2012,13453,1449.25
10/17/2012,13489,1457
10/18/2012,13487,1451.5
10/19/2012,13252,1424
10/22/2012,13292,1430
10/23/2012,13041,1406.75
10/24/2012,13021,1405.25
10/25/2012,13056,1408.25
10/26/2012,13054,1407.5
10/29/2012,13054,1407.5
10/30/2012,13054,1407.5
10/31/2012,13030,1406.75
11/1/2012,13165,1423.25
11/2/2012,12991,1405.5
11/5/2012,13053,1412
11/6/2012,13201,1425.25
11/7/2012,12863,1389
11/8/2012,12775,1375.25
11/9/2012,12764,1375.75
11/12/2012,12780,1378.25
11/13/2012,12717,1371
11/14/2012,12544,1353
11/15/2012,12522,1351.25
11/16/2012,12570,1359.75
11/19/2012,12738,1382.5
11/20/2012,12759,1386.25
11/21/2012,12800,1388.25
11/23/2012,12961,1405.25
11/26/2012,12936,1403.25
11/27/2012,12862,1397.5
11/28/2012,12957,1407
11/29/2012,13021,1415.75
11/30/2012,13008,1414.5
12/3/2012,12950,1407
12/4/2012,12933,1405.5
12/5/2012,13024,1408.25
12/6/2012,13063,1413
12/7/2012,13143,1416
12/10/2012,13187,1420.25
12/11/2012,13278,1431.5
12/12/2012,13230,1427.25
12/13/2012,13157,1418
12/14/2012,13150,1415
12/17/2012,13245,1432.5
12/18/2012,13329,1445.75
12/19/2012,13268,1437.25
12/20/2012,13322,1445.5
12/21/2012,13250,1433.59
12/24/2012,13065,1419.75
12/26/2012,13048,1413.5
12/27/2012,13003,1410.75
12/28/2012,12777,1384
12/31/2012,13027,1420
1/2/2013,13331,1457
1/3/2013,13319,1453.5
1/4/2013,13346,1457.75
1/7/2013,13307,1455.75
1/8/2013,13267,1452.25
1/9/2013,13325,1455.75
1/10/2013,13406,1467
1/11/2013,13433,1467.25
1/14/2013,13433,1464.25
1/15/2013,13463,1465.25
1/16/2013,13437,1465.5
1/17/2013,13542,1475.75
1/18/2013,13576,1479
1/22/2013,13696,1489.5
1/23/2013,13719,1490.25
1/24/2013,13781,1491.75
1/25/2013,13812,1495.75
1/28/2013,13832,1497
1/29/2013,13908,1505
1/30/2013,13838,1495.25
1/31/2013,13797,1493.25
2/1/2013,13930,1506.75
2/4/2013,13845,1493.5
2/5/2013,13910,1506
2/6/2013,13928,1506.75
2/7/2013,13898,1505.25
2/8/2013,13926,1512.5
2/11/2013,13924,1513
2/12/2013,13973,1516.25
2/13/2013,13958,1517.25
2/14/2013,13950,1518.5
2/15/2013,13948,1517
2/19/2013,14007,1528
2/20/2013,13889,1507
2/21/2013,13872,1501
2/22/2013,13981,1514.5
2/25/2013,13788,1487.25
2/26/2013,13859,1492.5
2/27/2013,14060,1515.75
2/28/2013,14038,1513.25
3/1/2013,14074,1516.5
3/4/2013,14116,1525.75
3/5/2013,14233,1537
3/6/2013,14265,1539
3/7/2013,14316,1542.75
3/8/2013,14373,1549.5
3/11/2013,14444,1556
3/12/2013,14450,1552.5
3/13/2013,14462,1556
3/14/2013,14523,1562.25
3/15/2013,14494,1557.08
3/18/2013,14390,1546.75
3/19/2013,14388,1542.25
3/20/2013,14408,1549
3/21/2013,14347,1539
3/22/2013,14459,1552
3/25/2013,14386,1547
3/26/2013,14478,1557.25
3/27/2013,14445,1556.75
3/28/2013,14497,1562.75
4/1/2013,14489,1556
4/2/2013,14584,1564.5
4/3/2013,14487,1548.5
4/4/2013,14531,1554.5
4/5/2013,14484,1546
4/8/2013,14563,1559.25
4/9/2013,14610,1563.25
4/10/2013,14733,1582.75
4/11/2013,14796,1587.75
4/12/2013,14784,1582
4/15/2013,14512,1543.5
4/16/2013,14685,1568.75
4/17/2013,14552,1546
4/18/2013,14410,1534
4/19/2013,14470,1547.5
4/22/2013,14499,1556
4/23/2013,14644,1573.5
4/24/2013,14615,1574
4/25/2013,14653,1581.75
4/26/2013,14649,1576.5
4/29/2013,14748,1588.25
4/30/2013,14773,1592.25
5/1/2013,14636,1577.25
5/2/2013,14760,1592.25
5/3/2013,14898,1608.5
5/6/2013,14906,1613.5
5/7/2013,14983,1620.5
5/8/2013,15062,1628.75
5/9/2013,15044,1624.5
5/10/2013,15068,1629.5
5/13/2013,15057,1630.75
5/14/2013,15175,1648
5/15/2013,15235,1654.25
5/16/2013,15212,1648
5/17/2013,15315,1663
5/20/2013,15319,1664.5
5/21/2013,15355,1665.5
5/22/2013,15320,1655.5
5/23/2013,15289,1650
5/24/2013,15307,1650.5
5/28/2013,15373,1654.5
5/29/2013,15290,1647
5/30/2013,15319,1653.5
5/31/2013,15100,1629
6/3/2013,15217,1636.25
6/4/2013,15179,1631.25
6/5/2013,14959,1608
6/6/2013,15036,1622.75
6/7/2013,15208,1638.5
6/10/2013,15228,1642
6/11/2013,15138,1627
6/12/2013,14978,1610
6/13/2013,15186,1636.75
6/14/2013,15056,1624.25
6/17/2013,15190,1639.75
6/18/2013,15313,1651
6/19/2013,15116,1629.5
6/20/2013,14776,1590.5
6/21/2013,14868,1599.93
6/24/2013,14588,1566.25
6/25/2013,14690,1581.5
6/26/2013,14824,1595.5
6/27/2013,14936,1606.5
6/28/2013,14824,1599.25
7/1/2013,14882,1606.75
7/2/2013,14861,1607.25
7/3/2013,14916,1609
7/5/2013,15076,1627.25
7/8/2013,15160,1635.5
7/9/2013,15222,1645.5
7/10/2013,15243,1648.5
7/11/2013,15393,1670
7/12/2013,15369,1670.25
7/15/2013,15416,1677.5
7/16/2013,15391,1671.25
7/17/2013,15440,1675.5
7/18/2013,15481,1680.5
7/19/2013,15506,1689.5
7/22/2013,15491,1690.25
7/23/2013,15513,1688.25
7/24/2013,15500,1683.75
7/25/2013,15484,1684
7/26/2013,15498,1686.5
7/29/2013,15483,1682.5
7/30/2013,15493,1684.75
7/31/2013,15433,1680.5
8/1/2013,15550,1700.25
8/2/2013,15590,1704
8/5/2013,15554,1702.5
8/6/2013,15474,1694
8/7/2013,15442,1688.25
8/8/2013,15452,1693.75
8/9/2013,15375,1686.25
8/12/2013,15387,1687
8/13/2013,15411,1690.75
8/14/2013,15304,1682
8/15/2013,15070,1655.75
8/16/2013,15038,1651
8/19/2013,15002,1645
8/20/2013,14985,1650.5
8/21/2013,14847,1636.5
8/22/2013,14939,1654.75
8/23/2013,14990,1661.5
8/26/2013,14931,1654.25
8/27/2013,14758,1628.25
8/28/2013,14806,1632.25
8/29/2013,14834,1636.75
8/30/2013,14795,1631.25
9/3/2013,14827,1639
9/4/2013,14924,1653.5
9/5/2013,14917,1653
9/6/2013,14909,1653.5
9/9/2013,15036,1669
9/10/2013,15173,1682.5
9/11/2013,15330,1688.75
9/12/2013,15313,1685
9/13/2013,15382,1688.5
9/16/2013,15504,1698
9/17/2013,15533,1705
9/18/2013,15662,1724.5
9/19/2013,15644,1724.25
9/20/2013,15639,1723.89
9/23/2013,15326,1692.75
9/24/2013,15286,1692.5
9/25/2013,15210,1685.75
9/26/2013,15261,1692.5
9/27/2013,15195,1686.5
9/30/2013,15046,1674.25
10/1/2013,15120,1689.5
10/2/2013,15025,1683
10/3/2013,14906,1669.75
10/4/2013,14998,1684.75
10/7/2013,14851,1667.75
10/8/2013,14714,1650.5
10/9/2013,14728,1648.75
10/10/2013,15033,1685
10/11/2013,15175,1699
10/14/2013,15225,1704.25
10/15/2013,15095,1692
10/16/2013,15249,1713.25
10/17/2013,15296,1727.75
10/18/2013,15316,1736.5
10/21/2013,15322,1738.25
10/22/2013,15398,1749.5
10/23/2013,15351,1741.75
10/24/2013,15454,1748.5
10/25/2013,15497,1754
10/28/2013,15518,1759
10/29/2013,15616,1767.5
10/30/2013,15553,1760.5
10/31/2013,15477,1751
11/1/2013,15542,1754.75
11/4/2013,15575,1763
11/5/2013,15550,1756.5
11/6/2013,15683,1765.5
11/7/2013,15567,1745.25
11/8/2013,15700,1766
11/11/2013,15723,1767.5
11/12/2013,15710,1765
11/13/2013,15779,1778.75
11/14/2013,15839,1787.75
11/15/2013,15913,1793.5
11/18/2013,15938,1788.75
11/19/2013,15934,1785.25
11/20/2013,15878,1779.75
11/21/2013,15975,1793.75
11/22/2013,16027,1801.25
11/25/2013,16062,1802.5
11/26/2013,16060,1802
11/27/2013,16074,1804.25
11/29/2013,16066,1804
12/2/2013,15998,1799.75
12/3/2013,15891,1791.5
12/4/2013,15886,1791.75
12/5/2013,15817,1784
12/6/2013,16013,1805
12/9/2013,16026,1809
12/10/2013,15978,1803
12/11/2013,15836,1780.75
12/12/2013,15741,1775
12/13/2013,15757,1774.75
12/16/2013,15880,1786.5
12/17/2013,15869,1779.25
12/18/2013,16166,1810.75
12/19/2013,16175,1808.5
12/20/2013,16209,1812.89
12/23/2013,16238,1822.75
12/24/2013,16303,1829
12/26/2013,16422,1836.5
12/27/2013,16421,1836.5
12/30/2013,16439,1834.75
12/31/2013,16494,1841
1/2/2014,16388,1826.5
1/3/2014,16407,1825.5
1/6/2014,16365,1820.75
1/7/2014,16454,1830.75
1/8/2014,16407,1832.5
1/9/2014,16391,1833
1/10/2014,16381,1837.75
1/13/2014,16214,1815
1/14/2014,16299,1833
1/15/2014,16408,1841.5
1/16/2014,16324,1836.25
1/17/2014,16397,1834.25
1/21/2014,16355,1838.5
1/22/2014,16317,1838.5
1/23/2014,16151,1824.25
1/24/2014,15816,1782
1/27/2014,15787,1775.75
1/28/2014,15876,1788.25
1/29/2014,15698,1771.25
1/30/2014,15733,1781.25
1/31/2014,15630,1776.5
2/3/2014,15292,1732.75
2/4/2014,15338,1743.75
2/5/2014,15367,1744
2/6/2014,15549,1766.5
2/7/2014,15739,1793.5
2/10/2014,15739,1794.75
2/11/2014,15929,1813.5
2/12/2014,15943,1817
2/13/2014,15979,1824.25
2/14/2014,16127,1835
2/18/2014,16107,1837.5
2/19/2014,16016,1825.5
2/20/2014,16100,1836.25
2/21/2014,16093,1834.25
2/24/2014,16186,1846
2/25/2014,16187,1846.25
2/26/2014,16178,1842
2/27/2014,16272,1854
2/28/2014,16307,1857.5
3/3/2014,16148,1843
3/4/2014,16381,1871.5
3/5/2014,16355,1872.5
3/6/2014,16415,1876.25
3/7/2014,16448,1878
3/10/2014,16413,1877.25
3/11/2014,16336,1865.25
3/12/2014,16339,1867.75
3/13/2014,16116,1846.75
3/14/2014,16061,1840
3/17/2014,16235,1857.75
3/18/2014,16331,1870.75
3/19/2014,16213,1859.75
3/20/2014,16339,1873.75
3/21/2014,16499,1893.3
3/24/2014,16202,1849.5
3/25/2014,16298,1859.25
3/26/2014,16179,1842.5
3/27/2014,16182,1840.5
3/28/2014,16240,1850.5
3/31/2014,16373,1864.5
4/1/2014,16449,1877.75
4/2/2014,16487,1883
4/3/2014,16501,1883
4/4/2014,16356,1860
4/7/2014,16178,1838
4/8/2014,16180,1845
4/9/2014,16360,1864.75
4/10/2014,16110,1827
4/11/2014,15981,1811.75
4/14/2014,16096,1824.5
4/15/2014,16205,1839.5
4/16/2014,16331,1852.75
4/17/2014,16343,1858
4/21/2014,16371,1864.5
4/22/2014,16458,1874
4/23/2014,16460,1873
4/24/2014,16431,1873
4/25/2014,16324,1860
4/28/2014,16397,1866
4/29/2014,16467,1871.75
4/30/2014,16511,1878
5/1/2014,16488,1877.75
5/2/2014,16447,1874.5
5/5/2014,16444,1875.75
5/6/2014,16360,1864.25
5/7/2014,16468,1874.25
5/8/2014,16510,1872.25
5/9/2014,16527,1873.5
5/12/2014,16655,1892.75
5/13/2014,16675,1894.25
5/14/2014,16587,1885.25
5/15/2014,16421,1867.25
5/16/2014,16465,1874.75
5/19/2014,16481,1882.25
5/20/2014,16337,1868
5/21/2014,16499,1885
5/22/2014,16528,1890.25
5/23/2014,16586,1897
5/27/2014,16654,1909.25
5/28/2014,16628,1909
5/29/2014,16681,1918
5/30/2014,16704,1921.5
6/2/2014,16722,1921.75
6/3/2014,16713,1922
6/4/2014,16718,1925.75
6/5/2014,16818,1938.5
6/6/2014,16932,1949.25
6/9/2014,16936,1950.25
6/10/2014,16942,1950.5
6/11/2014,16855,1944
6/12/2014,16750,1930.5
6/13/2014,16769,1935.75
6/16/2014,16774,1936.5
6/17/2014,16805,1941.5
6/18/2014,16898,1957
6/19/2014,16916,1958.5
6/20/2014,16977,1964.52
6/23/2014,16840,1953
6/24/2014,16752,1943.25
6/25/2014,16771,1949.5
6/26/2014,16762,1948.75
6/27/2014,16757,1952
6/30/2014,16740,1952.5
7/1/2014,16876,1965.75
7/2/2014,16899,1967.75
7/3/2014,16976,1977.5
7/7/2014,16946,1971
7/8/2014,16860,1960.5
7/9/2014,16913,1967.25
7/10/2014,16842,1957.75
7/11/2014,16881,1962.5
7/14/2014,16978,1971
7/15/2014,16988,1968
7/16/2014,17057,1974.75
7/17/2014,16941,1953.5
7/18/2014,17032,1971.5
7/21/2014,16983,1966.25
7/22/2014,17033,1975
7/23/2014,17025,1980.75
7/24/2014,16998,1980.75
7/25/2014,16891,1971.5
7/28/2014,16916,1973
7/29/2014,16845,1963
7/30/2014,16821,1965
7/31/2014,16494,1924.75
8/1/2014,16416,1918.5
8/4/2014,16486,1932
8/5/2014,16366,1913
8/6/2014,16395,1914.75
8/7/2014,16321,1905.25
8/8/2014,16479,1923.75
8/11/2014,16515,1932.5
8/12/2014,16519,1930.5
8/13/2014,16619,1944.75
8/14/2014,16682,1953.5
8/15/2014,16631,1952.5
8/18/2014,16793,1967.5
8/19/2014,16881,1977.25
8/20/2014,16950,1983.25
8/21/2014,17016,1989.5
8/22/2014,16993,1987.75
8/25/2014,17056,1995
8/26/2014,17097,1998.5
8/27/2014,17093,1997
8/28/2014,17077,1996.75
8/29/2014,17085,2001.5
9/2/2014,17053,1999.75
9/3/2014,17073,1998.75
9/4/2014,17079,1997.75
9/5/2014,17117,2006
9/8/2014,17100,2000.5
9/9/2014,17034,1989.75
9/10/2014,17058,1995
9/11/2014,17043,1997
9/12/2014,16991,1984.75
9/15/2014,17028,1984.25
9/16/2014,17137,1999.5
9/17/2014,17152,2001.5
9/18/2014,17260,2012.25
9/19/2014,17369,2022.46
9/22/2014,17099,1986.25
9/23/2014,16963,1972.25
9/24/2014,17139,1991
9/25/2014,16900,1961.5
9/26/2014,17030,1976
9/29/2014,16980,1969.5
9/30/2014,16965,1965.5
10/1/2014,16740,1940.75
10/2/2014,16724,1938.5
10/3/2014,16921,1960.25
10/6/2014,16903,1956
10/7/2014,16651,1928
10/8/2014,16903,1961.75
10/9/2014,16610,1925
10/10/2014,16437,1894.25
10/13/2014,16232,1865.5
10/14/2014,16255,1874.75
10/15/2014,16007,1846.75
10/16/2014,16015,1850.5
10/17/2014,16309,1881
10/20/2014,16331,1900
10/21/2014,16547,1938
10/22/2014,16425,1925
10/23/2014,16613,1946
10/24/2014,16736,1959.75
10/27/2014,16756,1957
10/28/2014,16936,1980
10/29/2014,16924,1972.25
10/30/2014,17114,1988.5
10/31/2014,17311,2011.5
11/3/2014,17285,2011
11/4/2014,17305,2005.5
11/5/2014,17413,2018.75
11/6/2014,17504,2028
11/7/2014,17501,2026
11/10/2014,17553,2034
11/11/2014,17568,2036.5
11/12/2014,17577,2036
11/13/2014,17596,2034
11/14/2014,17604,2038
11/17/2014,17617,2039.75
11/18/2014,17652,2048.5
11/19/2014,17657,2047.25
11/20/2014,17694,2052
11/21/2014,17780,2061.75
11/24/2014,17792,2067.5
11/25/2014,17808,2067.5
11/26/2014,17810,2072.25
11/28/2014,17812,2066.25
12/1/2014,17755,2050.75
12/2/2014,17862,2066
12/3/2014,17897,2072.5
12/4/2014,17890,2072
12/5/2014,17953,2076
12/8/2014,17851,2059.5
12/9/2014,17780,2057.5
12/10/2014,17542,2026.5
12/11/2014,17574,2031
12/12/2014,17256,1997.25
12/15/2014,17190,1990
12/16/2014,17070,1971.5
12/17/2014,17354,2014.25
12/18/2014,17786,2065
12/19/2014,17755,2061.01
12/22/2014,17897,2072.5
12/23/2014,17976,2079
12/24/2014,17988,2078.75
12/26/2014,18012,2084.25
12/29/2014,17982,2085.75
12/30/2014,17941,2076.75
12/31/2014,17752,2052.5
1/2/2015,17723,2046.25
1/5/2015,17450,2016
1/6/2015,17290,1994.5
1/7/2015,17507,2019.5
1/8/2015,17820,2055
1/9/2015,17649,2035.25
1/12/2015,17571,2022.5
1/13/2015,17535,2016
1/14/2015,17365,2007.5
1/15/2015,17283,1989
1/16/2015,17432,2013
1/20/2015,17461,2016.75
1/21/2015,17491,2026.5
1/22/2015,17737,2056.5
1/23/2015,17588,2044
1/26/2015,17614,2053.5
1/27/2015,17378,2030
1/28/2015,17100,1991.5
1/29/2015,17432,2018.5
1/30/2015,17097,1988.5
2/2/2015,17299,2017
2/3/2015,17572,2042
2/4/2015,17568,2030
2/5/2015,17784,2055
2/6/2015,17782,2053
2/9/2015,17681,2042.5
2/10/2015,17793,2062.25
2/11/2015,17831,2065.75
2/12/2015,17932,2084
2/13/2015,17982,2093.5
2/17/2015,18001,2096
2/18/2015,17993,2095.5
2/19/2015,17959,2095.25
2/20/2015,18104,2107
2/23/2015,18085,2106.75
2/24/2015,18186,2113.75
2/25/2015,18194,2110.25
2/26/2015,18203,2110
2/27/2015,18127,2102.75
3/2/2015,18248,2114
3/3/2015,18186,2104.75
3/4/2015,18086,2096.5
3/5/2015,18120,2099.75
3/6/2015,17861,2070.75
3/9/2015,17970,2077.75
3/10/2015,17666,2042
3/11/2015,17638,2039.5
3/12/2015,17866,2064
3/13/2015,17729,2049.75
3/16/2015,17933,2076.5
3/17/2015,17857,2074.5
3/18/2015,18069,2100.5
3/19/2015,17966,2090.5
3/20/2015,18042,2099.02
3/23/2015,18016,2094.75
3/24/2015,17949,2085
3/25/2015,17649,2053.75
3/26/2015,17603,2048.5
3/27/2015,17626,2052.5
3/30/2015,17860,2075.5
3/31/2015,17703,2060.75
4/1/2015,17615,2053
4/2/2015,17676,2059.5
4/3/2015,17676,2059.5
4/6/2015,17805,2073.25
4/7/2015,17785,2067.75
4/8/2015,17829,2076
4/9/2015,17887,2085.75
4/10/2015,17973,2095.5
4/13/2015,17910,2086.5
4/14/2015,17964,2091
4/15/2015,18022,2099.75
4/16/2015,18041,2100.75
4/17/2015,17770,2075.5
4/20/2015,17943,2091
4/21/2015,17883,2091
4/22/2015,17945,2100.25
4/23/2015,17981,2107
4/24/2015,18017,2111.75
4/27/2015,17990,2104.75
4/28/2015,18058,2112
4/29/2015,17954,2099
4/30/2015,17759,2079
5/1/2015,17934,2101.5
5/4/2015,17995,2109.25
5/5/2015,17864,2084
5/6/2015,17778,2074.25
5/7/2015,17889,2084.25
5/8/2015,18121,2108.5
5/11/2015,18041,2097.75
5/12/2015,18029,2095
5/13/2015,18015,2094.5
5/14/2015,18202,2117.5
5/15/2015,18229,2119
5/18/2015,18259,2126
5/19/2015,18284,2124.5
5/20/2015,18256,2122.5
5/21/2015,18258,2128
5/22/2015,18224,2124.5
5/26/2015,18053,2105
5/27/2015,18141,2121
5/28/2015,18134,2121.75
5/29/2015,18009,2106
6/1/2015,18023,2109.25
6/2/2015,18001,2106.75
6/3/2015,18096,2116
6/4/2015,17925,2099
6/5/2015,17842,2092.25
6/8/2015,17768,2078.25
6/9/2015,17767,2080
6/10/2015,18018,2107
6/11/2015,18043,2109.25
6/12/2015,17903,2093
6/15/2015,17796,2084
6/16/2015,17911,2097.5
6/17/2015,17911,2097.5
6/18/2015,18125,2123
6/19/2015,18079,2117.11
6/22/2015,18025,2112.75
6/23/2015,18067,2116.5
6/24/2015,17883,2099.5
6/25/2015,17812,2094
6/26/2015,17873,2095.75
6/29/2015,17520,2050.5
6/30/2015,17523,2054.5
7/1/2015,17671,2071
7/2/2015,17649,2068.75
7/6/2015,17627,2064.5
7/7/2015,17680,2073.75
7/8/2015,17442,2039.25
7/9/2015,17452,2041.25
7/10/2015,17669,2069
7/13/2015,17900,2094.5
7/14/2015,17961,2102
7/15/2015,17992,2104.25
7/16/2015,18020,2117
7/17/2015,17997,2118.75
7/20/2015,18003,2122
7/21/2015,17866,2114.5
7/22/2015,17785,2108
7/23/2015,17676,2098.5
7/24/2015,17523,2077.5
7/27/2015,17396,2064.5
7/28/2015,17546,2087.25
7/29/2015,17682,2101.5
7/30/2015,17686,2103.75
7/31/2015,17614,2098.5
8/3/2015,17511,2091
8/4/2015,17454,2083
8/5/2015,17475,2093.75
8/6/2015,17375,2079.5
8/7/2015,17321,2073.5
8/10/2015,17553,2099.75
8/11/2015,17355,2079.75
8/12/2015,17367,2084.25
8/13/2015,17369,2080.5
8/14/2015,17439,2089.5
8/17/2015,17504,2099.25
8/18/2015,17482,2094
8/19/2015,17285,2072.75
8/20/2015,16917,2025.5
8/21/2015,16467,1971.5
8/24/2015,15709,1871.25
8/25/2015,15719,1872.75
8/26/2015,16249,1938
8/27/2015,16650,1989.25
8/28/2015,16659,1989.75
8/31/2015,16508,1969.25
9/1/2015,16087,1916
9/2/2015,16330,1947
9/3/2015,16348,1946
9/4/2015,16119,1921.75
9/8/2015,16452,1965.75
9/9/2015,16270,1942.75
9/10/2015,16306,1949.5
9/11/2015,16436,1960.25
9/14/2015,16380,1954
9/15/2015,16621,1979.75
9/16/2015,16765,1998.25
9/17/2015,16658,1987.75
9/18/2015,16506,1960
9/21/2015,16456,1963
9/22/2015,16229,1932
9/23/2015,16187,1928.5
9/24/2015,16099,1918.75
9/25/2015,16203,1919.25
9/28/2015,15909,1872
9/29/2015,15949,1874.5
9/30/2015,16172,1908.75
10/1/2015,16190,1916.75
10/2/2015,16377,1943
10/5/2015,16659,1974.75
10/6/2015,16672,1968.5
10/7/2015,16814,1987.25
10/8/2015,16966,2006.5
10/9/2015,16991,2007.5
10/12/2015,17040,2011
10/13/2015,16973,1994
10/14/2015,16822,1984
10/15/2015,17069,2019
10/16/2015,17115,2025.5
10/19/2015,17117,2027.5
10/20/2015,17107,2020.5
10/21/2015,17056,2008.5
10/22/2015,17408,2053
10/23/2015,17546,2066
10/26/2015,17531,2062.25
10/27/2015,17513,2060.5
10/28/2015,17702,2084.5
10/29/2015,17684,2083
10/30/2015,17594,2073.75
11/2/2015,17735,2095.5
11/3/2015,17841,2103
11/4/2015,17787,2094.75
11/5/2015,17802,2094
11/6/2015,17843,2093.75
11/9/2015,17675,2073
11/10/2015,17716,2078
11/11/2015,17655,2069
11/12/2015,17398,2040.5
11/13/2015,17206,2018.5
11/16/2015,17421,2048
11/17/2015,17456,2049
11/18/2015,17689,2079.75
11/19/2015,17707,2079.25
11/20/2015,17801,2088.75
11/23/2015,17762,2084.25
11/24/2015,17765,2084.75
11/25/2015,17802,2088
11/27/2015,17801,2090
11/30/2015,17714,2079.75
12/1/2015,17862,2100
12/2/2015,17758,2081.5
12/3/2015,17486,2051.25
12/4/2015,17819,2088.5
12/7/2015,17756,2081
12/8/2015,17534,2058.75
12/9/2015,17456,2042
12/10/2015,17566,2049.25
12/11/2015,17261,2009.75
12/14/2015,17336,2018.5
12/15/2015,17551,2045.5
12/16/2015,17735,2072
12/17/2015,17443,2034.25
12/18/2015,17387,2029.72
12/21/2015,17178,2015
12/22/2015,17357,2036
12/23/2015,17472,2053
12/24/2015,17449,2051.25
12/28/2015,17438,2048.75
12/29/2015,17638,2072.75
12/30/2015,17509,2054.5
12/31/2015,17341,2035.5
1/4/2016,17085,2009
1/5/2016,17081,2011.75
1/6/2016,16838,1986
1/7/2016,16419,1933
1/8/2016,16235,1911.5
1/11/2016,16287,1914.25
1/12/2016,16363,1925
1/13/2016,16056,1881.5
1/14/2016,16281,1914.5
1/15/2016,15912,1875
1/19/2016,15913,1873
1/20/2016,15717,1855
1/21/2016,15787,1861
1/22/2016,16004,1899.25
1/25/2016,15811,1870.25
1/26/2016,16066,1896
1/27/2016,15851,1875
1/28/2016,15972,1880.75
1/29/2016,16356,1930
2/1/2016,16340,1931.25
2/2/2016,16091,1897.5
2/3/2016,16263,1908.5
2/4/2016,16328,1907.75
2/5/2016,16131,1875.25
2/8/2016,15988,1852
2/9/2016,15959,1848.25
2/10/2016,15866,1846.75
2/11/2016,15612,1824.5
2/12/2016,15913,1858.25
2/16/2016,16131,1888.75
2/17/2016,16413,1922.75
2/18/2016,16391,1916.5
2/19/2016,16358,1914.5
2/22/2016,16539,1936.25
2/23/2016,16396,1916
2/24/2016,16473,1930.25
2/25/2016,16672,1950.5
2/26/2016,16601,1942.75
2/29/2016,16497,1929.5
3/1/2016,16849,1978
3/2/2016,16868,1983.5
3/3/2016,16919,1990.5
3/4/2016,16967,1995
3/7/2016,17048,1999
3/8/2016,16972,1981
3/9/2016,17008,1989
3/10/2016,16994,1988.75
3/11/2016,17184,2020
3/14/2016,17222,2018.75
3/15/2016,17242,2015.75
3/16/2016,17332,2027
3/17/2016,17486,2039.75
3/18/2016,17557,2050.07
3/21/2016,17528,2042.75
3/22/2016,17504,2042.5
3/23/2016,17426,2028.75
3/24/2016,17439,2028.5
3/28/2016,17448,2028
3/29/2016,17538,2047.5
3/30/2016,17622,2055.25
3/31/2016,17595,2051.5
4/1/2016,17706,2065
4/4/2016,17642,2057.5
4/5/2016,17527,2038.75
4/6/2016,17628,2060.25
4/7/2016,17458,2035
4/8/2016,17485,2040.75
4/11/2016,17473,2034.5
4/12/2016,17637,2055.75
4/13/2016,17828,2076
4/14/2016,17842,2076.5
4/15/2016,17814,2075
4/18/2016,17928,2086.75
4/19/2016,17961,2093.75
4/20/2016,18037,2098
4/21/2016,17899,2082.75
4/22/2016,17917,2086
4/25/2016,17902,2083.25
4/26/2016,17919,2088.5
4/27/2016,17963,2090.75
4/28/2016,17761,2072.5
4/29/2016,17693,2059
5/2/2016,17799,2074.25
5/3/2016,17673,2057
5/4/2016,17581,2047
5/5/2016,17574,2044
5/6/2016,17671,2052.75
5/9/2016,17646,2054.25
5/10/2016,17853,2077.5
5/11/2016,17659,2058
5/12/2016,17668,2058.75
5/13/2016,17495,2043.5
5/16/2016,17664,2062.75
5/17/2016,17489,2043.5
5/18/2016,17479,2041.5
5/19/2016,17415,2038.75
5/20/2016,17482,2050
5/23/2016,17470,2045.25
5/24/2016,17687,2075
5/25/2016,17817,2087.25
5/26/2016,17817,2089.75
5/27/2016,17849,2097.25
5/31/2016,17774,2095
6/1/2016,17779,2098
6/2/2016,17825,2103.75
6/3/2016,17800,2097.75
6/6/2016,17915,2108.25
6/7/2016,17933,2110.25
6/8/2016,17995,2118
6/9/2016,17973,2114.25
6/10/2016,17866,2096.25
6/13/2016,17728,2078.75
6/14/2016,17662,2074.5
6/15/2016,17646,2071.75
6/16/2016,17740,2079.25
6/17/2016,17733,2079.12
6/20/2016,17712,2074.25
6/21/2016,17737,2080.5
6/22/2016,17688,2076.75
6/23/2016,17915,2105.75
6/24/2016,17247,2018.5
6/27/2016,16985,1985
6/28/2016,17301,2028.5
6/29/2016,17624,2066.75
6/30/2016,17819,2090.25
7/1/2016,17866,2096.25
7/5/2016,17762,2082.75
7/6/2016,17834,2094
7/7/2016,17818,2092
7/8/2016,18038,2120.5
7/11/2016,18147,2130.25
7/12/2016,18264,2145.75
7/13/2016,18288,2146
7/14/2016,18427,2157.25
7/15/2016,18417,2152.75
7/18/2016,18451,2160
7/19/2016,18480,2158.75
7/20/2016,18531,2167.5
7/21/2016,18436,2158
7/22/2016,18478,2167.5
7/25/2016,18420,2162.25
7/26/2016,18398,2163.25
7/27/2016,18390,2160.5
7/28/2016,18376,2164.75
7/29/2016,18362,2168.25
8/1/2016,18326,2164.5
8/2/2016,18248,2152.75
8/3/2016,18269,2157
8/4/2016,18273,2159.25
8/5/2016,18454,2176.75
8/8/2016,18460,2175.5
8/9/2016,18466,2177.5
8/10/2016,18452,2172.75
8/11/2016,18565,2181.75
8/12/2016,18523,2180.25
8/15/2016,18582,2186
8/16/2016,18524,2176.75
8/17/2016,18541,2179.75
8/18/2016,18565,2183.5
8/19/2016,18540,2181.75
8/22/2016,18519,2181.5
8/23/2016,18528,2185.25
8/24/2016,18472,2175
8/25/2016,18448,2173.5
8/26/2016,18380,2168.5
8/29/2016,18489,2179.25
8/30/2016,18444,2175.25
8/31/2016,18395,2169.5
9/1/2016,18395,2167.25
9/2/2016,18480,2178
9/6/2016,18523,2184.5
9/7/2016,18514,2184.5
9/8/2016,18459,2177.5
9/9/2016,18041,2122.75
9/12/2016,18321,2158.5
9/13/2016,18087,2128.75
9/14/2016,18000,2120.25
9/15/2016,18200,2145
9/16/2016,18168,2139.96
9/19/2016,18052,2133
9/20/2016,18047,2131
9/21/2016,18218,2156.25
9/22/2016,18299,2168.25
9/23/2016,18190,2158
9/26/2016,18014,2139.75
9/27/2016,18139,2152.75
9/28/2016,18238,2163.25
9/29/2016,18097,2148.5
9/30/2016,18219,2160.5
10/3/2016,18156,2153.25
10/4/2016,18092,2144.75
10/5/2016,18200,2153.25
10/6/2016,18199,2156.5
10/7/2016,18157,2146.5
10/10/2016,18259,2159
10/11/2016,18070,2134.5
10/12/2016,18053,2131.5
10/13/2016,18021,2126.25
10/14/2016,18059,2127
10/17/2016,18013,2123
10/18/2016,18064,2132
10/19/2016,18125,2138
10/20/2016,18108,2137
10/21/2016,18066,2134.75
10/24/2016,18134,2144.25
10/25/2016,18097,2138
10/26/2016,18128,2134
10/27/2016,18082,2123.5
10/28/2016,18098,2123.75
10/31/2016,18062,2120
11/1/2016,17939,2103.75
11/2/2016,17881,2092.25
11/3/2016,17852,2083.5
11/4/2016,17805,2080
11/7/2016,18192,2129
11/8/2016,18285,2135.5
11/9/2016,18532,2160.25
11/10/2016,18786,2167.25
11/11/2016,18787,2161.5
11/14/2016,18822,2160.5
11/15/2016,18880,2179.25
11/16/2016,18833,2172.75
11/17/2016,18869,2184.25
11/18/2016,18853,2180.75
11/21/2016,18910,2193
11/22/2016,18995,2200.25
11/23/2016,19054,2200.75
11/25/2016,19144,2211.25
11/28/2016,19080,2200.75
11/29/2016,19115,2203.75
11/30/2016,19132,2198.75
12/1/2016,19197,2192
12/2/2016,19158,2192
12/5/2016,19210,2204.25
12/6/2016,19232,2210
12/7/2016,19517,2236.75
12/8/2016,19621,2247.75
12/9/2016,19769,2260
12/12/2016,19781,2256
12/13/2016,19912,2273.25
12/14/2016,19824,2257
12/15/2016,19863,2263.5
12/16/2016,19918,2268.63
12/19/2016,19837,2260
12/20/2016,19899,2266.5
12/21/2016,19891,2260.5
12/22/2016,19873,2258.75
12/23/2016,19874,2260
12/27/2016,19876,2261
12/28/2016,19775,2245.25
12/29/2016,19759,2245
12/30/2016,19720,2236.25
1/3/2017,19798,2252.5
1/4/2017,19856,2264.25
1/5/2017,19821,2264.25
1/6/2017,19897,2271.5
1/9/2017,19828,2265
1/10/2017,19788,2263.75
1/11/2017,19877,2270.5
1/12/2017,19803,2263.5
1/13/2017,19832,2272.5
1/17/2017,19743,2262.75
1/18/2017,19735,2266.5
1/19/2017,19694,2261.5
1/20/2017,19745,2266
1/23/2017,19735,2262
1/24/2017,19844,2274.5
1/25/2017,20003,2294
1/26/2017,20051,2294
1/27/2017,20012,2289
1/30/2017,19888,2276
1/31/2017,19792,2274.5
2/1/2017,19816,2274.5
2/2/2017,19821,2275.5
2/3/2017,19986,2291
2/6/2017,19972,2286.5
2/7/2017,20018,2288.5
2/8/2017,20002,2290.25
2/9/2017,20136,2304.25
2/10/2017,20223,2312.75
2/13/2017,20383,2326.25
2/14/2017,20482,2337
2/15/2017,20623,2350.5
2/16/2017,20594,2345.5
2/17/2017,20588,2348
2/21/2017,20688,2360
2/22/2017,20749,2361
2/23/2017,20797,2362.75
2/24/2017,20787,2365
2/27/2017,20813,2368.25
2/28/2017,20807,2362.75
3/1/2017,21091,2393.5
3/2/2017,21006,2382
3/3/2017,20981,2381.25
3/6/2017,20957,2375.5
3/7/2017,20913,2366.5
3/8/2017,20868,2364
3/9/2017,20869,2366.25
3/10/2017,20892,2371.75
3/13/2017,20888,2375
3/14/2017,20847,2366.5
3/15/2017,20944,2383.75
3/16/2017,20940,2382.75
3/17/2017,20972,2385.8
3/20/2017,20868,2370.25
3/21/2017,20627,2342.25
3/22/2017,20596,2342.5
3/23/2017,20588,2340
3/24/2017,20575,2344.75
3/27/2017,20497,2338.5
3/28/2017,20625,2351.5
3/29/2017,20601,2357
3/30/2017,20660,2364.5
3/31/2017,20604,2359.25
4/3/2017,20590,2356
4/4/2017,20634,2356.5
4/5/2017,20577,2346.5
4/6/2017,20605,2353.75
4/7/2017,20599,2352.25
4/10/2017,20598,2352.5
4/11/2017,20593,2351
4/12/2017,20516,2340.75
4/13/2017,20407,2327.5
