Date,IEI,TLT
2016-12-30,122.095093,118.39396
2016-12-29,121.915702,118.215072
2016-12-28,121.626684,117.797668
2016-12-27,121.367562,116.942981
2016-12-23,121.527024,117.320638
2016-12-22,121.417396,117.082116
2016-12-21,121.43235,117.291819
2016-12-20,121.352701,116.776377
2016-12-19,121.452258,117.361204
2016-12-16,121.123719,116.112257
2016-12-15,120.984329,116.379892
2016-12-14,121.243185,115.795065
2016-12-13,121.950054,117.103483
2016-12-12,121.979921,116.68717
2016-12-09,121.960012,116.469099
2016-12-08,122.268644,117.936117
2016-12-07,122.457808,119.343657
2016-12-06,122.228819,118.332602
2016-12-05,122.129261,118.421816
2016-12-02,122.218868,118.550673
2016-12-01,121.850497,117.688311
2016-11-30,122.068525,118.944186
2016-11-29,122.446451,120.902851
2016-11-28,122.366887,120.398345
2016-11-25,122.118255,119.517937
2016-11-23,122.09836,119.339877
2016-11-22,122.466338,119.804813
2016-11-21,122.346992,119.844383
2016-11-18,122.327105,119.547613
2016-11-17,122.625467,119.893839
2016-11-16,122.874099,121.684338
2016-11-15,122.874099,120.596194
2016-11-14,122.933768,120.002655
2016-11-11,123.351469,120.724791
2016-11-10,123.560319,121.407357
2016-11-09,123.878568,123.227524
2016-11-08,124.723924,128.688032
2016-11-07,125.012331,129.212319
2016-11-04,125.33058,130.32026
2016-11-03,125.12173,129.16287
2016-11-02,125.101842,130.16198
2016-11-01,124.902932,129.598116
2016-10-31,124.798515,129.588231
2016-10-28,124.738902,128.798357
2016-10-27,124.619692,129.084693
2016-10-26,124.828318,130.506449
2016-10-25,124.947528,131.395063
2016-10-24,124.947528,131.049488
2016-10-21,125.05681,131.622146
2016-10-20,125.027007,131.424682
2016-10-19,125.126351,131.286455
2016-10-18,125.106486,131.177847
2016-10-17,124.957465,130.753283
2016-10-14,124.798515,129.923922
2016-10-13,124.927662,131.770256
2016-10-12,124.719037,131.276587
2016-10-11,124.699163,131.148228
2016-10-10,124.728973,131.444433
2016-10-07,124.917726,132.224424
2016-10-06,124.798515,132.135567
2016-10-05,125.027007,132.876071
2016-10-04,125.156162,133.498099
2016-10-03,125.434329,135.077833
2016-09-30,125.583349,135.525096
2016-09-29,125.752062,136.747203
2016-09-28,125.65282,136.402249
2016-09-27,125.742136,136.697921
2016-09-26,125.65282,135.702506
2016-09-23,125.444408,134.845069
2016-09-22,125.355085,134.973182
2016-09-21,125.255842,133.908769
2016-09-20,125.196298,132.834507
2016-09-19,125.136747,132.37129
2016-09-16,125.235997,132.804941
2016-09-15,125.245916,131.740528
2016-09-14,125.097056,132.312158
2016-09-13,124.918416,132.115048
2016-09-12,125.097056,133.632812
2016-09-09,124.997806,133.56383
2016-09-08,125.255842,135.801053
2016-09-07,125.583349,137.525793
2016-09-06,125.613121,137.624355
2016-09-02,125.196298,136.62894
2016-09-01,125.305467,137.752484
2016-08-31,125.153619,137.600699
2016-08-30,125.282506,137.403947
2016-08-29,125.292414,137.935194
2016-08-26,124.985084,136.115203
2016-08-25,125.341987,136.912059
2016-08-24,125.530354,137.433459
2016-08-23,125.530354,137.758107
2016-08-22,125.520438,137.610546
2016-08-19,125.341987,136.459531
2016-08-18,125.639408,137.177683
2016-08-17,125.470865,136.961251
2016-08-16,125.351903,136.144715
2016-08-15,125.530354,136.508707
2016-08-12,125.738546,137.807298
2016-08-11,125.431209,136.656283
2016-08-10,125.837684,137.886002
2016-08-09,125.659233,137.354755
2016-08-08,125.39156,136.016819
2016-08-05,125.451041,135.761043
2016-08-04,126.026051,137.187515
2016-08-03,125.8476,136.164395
2016-08-02,125.738546,136.085691
2016-08-01,125.867425,137.50233
2016-07-29,126.060743,139.00947
2016-07-28,125.743834,137.860552
2016-07-27,125.664604,138.115862
2016-07-26,125.3576,136.417036
2016-07-25,125.327891,136.200999
2016-07-22,125.456633,136.299203
2016-07-21,125.575477,136.063522
2016-07-20,125.3576,135.788568
2016-07-19,125.506153,136.534869
2016-07-18,125.327891,135.768924
2016-07-15,125.298175,135.896586
2016-07-14,125.535862,137.074963
2016-07-13,125.743834,139.097845
2016-07-12,125.62499,137.477579
2016-07-11,125.951805,139.775415
2016-07-08,126.387558,141.012723
2016-07-07,126.357841,139.981638
2016-07-06,126.387558,139.991452
2016-07-05,126.437071,139.765601
2016-07-01,126.179587,138.037316
2016-06-30,125.987461,136.146983
2016-06-29,125.84896,135.647097
2016-06-28,126.08639,136.695896
2016-06-27,126.076502,136.411636
2016-06-24,125.562062,133.088826
2016-06-23,124.622229,129.609185
2016-06-22,124.978378,131.108859
2016-06-21,124.829981,130.893218
2016-06-20,124.968483,131.50094
2016-06-17,125.314736,132.922198
2016-06-16,125.433455,133.755357
2016-06-15,125.473028,133.108434
2016-06-14,125.136662,132.598736
2016-06-13,125.156452,132.69676
2016-06-10,124.92891,132.108647
2016-06-09,124.681585,131.471536
2016-06-08,124.592551,130.62858
2016-06-07,124.572761,129.932646
2016-06-06,124.444154,129.618996
2016-06-03,124.592551,130.589365
2016-06-02,123.860463,128.756433
2016-06-01,123.672501,127.835062
2016-05-31,123.74175,127.318515
2016-05-27,123.623163,127.015285
2016-05-26,123.880096,127.201124
2016-05-25,123.55399,126.545753
2016-05-24,123.593519,127.025061
2016-05-23,123.76151,127.592401
2016-05-20,123.771394,127.308724
2016-05-19,123.662692,127.210916
2016-05-18,123.603403,126.663143
2016-05-17,124.166674,128.492315
2016-05-16,124.314904,128.277116
2016-05-13,124.561953,129.392229
2016-05-12,124.423606,128.14995
2016-05-11,124.571829,128.736857
2016-05-10,124.581714,128.013007
2016-05-09,124.601474,128.00323
2016-05-06,124.393954,127.602177
2016-05-05,124.542185,128.14995
2016-05-04,124.374194,127.298947
2016-05-03,124.235847,126.60444
2016-05-02,123.840567,125.029595
2016-04-29,124.010532,126.301221
2016-04-28,123.990793,125.979073
2016-04-27,123.753889,125.461686
2016-04-26,123.378782,124.221903
2016-04-25,123.487365,124.788103
2016-04-22,123.605821,125.30549
2016-04-21,123.635433,125.627639
2016-04-20,123.813113,126.37932
2016-04-19,124.089502,127.78504
2016-04-18,124.23757,128.185287
2016-04-15,124.296794,128.74173
2016-04-14,124.089502,127.648372
2016-04-13,124.23757,128.263385
2016-04-12,124.296794,127.814325
2016-04-11,124.563318,128.702674
2016-04-08,124.563318,128.868627
2016-04-07,124.652154,129.688649
2016-04-06,124.336279,128.107189
2016-04-05,124.444862,129.044351
2016-04-04,124.188212,127.648372
2016-04-01,124.089502,127.570274
2016-03-31,124.183274,127.238372
2016-03-30,123.907203,126.342123
2016-03-29,123.798745,127.686504
2016-03-28,123.266319,126.361611
2016-03-24,123.207163,126.195987
2016-03-23,123.276181,126.147289
2016-03-22,122.980393,124.734708
2016-03-21,123.118429,124.763947
2016-03-18,123.384638,125.728382
2016-03-17,123.128283,125.465347
2016-03-16,123.039549,124.94903
2016-03-15,122.526839,124.578842
2016-03-14,122.516985,124.461945
2016-03-11,122.536701,124.072269
2016-03-10,122.704315,125.338713
2016-03-09,123.029687,125.855031
2016-03-08,123.246603,126.624631
2016-03-07,122.852212,125.241289
2016-03-04,123.039549,125.280265
2016-03-03,123.217025,126.088826
2016-03-02,123.207163,125.630972
2016-03-01,123.315621,125.11464
2016-02-29,123.884529,127.357212
2016-02-26,123.835287,126.802986
2016-02-25,124.17016,128.037848
2016-02-24,123.953474,127.580861
2016-02-23,123.914076,127.833665
2016-02-22,123.815584,127.318325
2016-02-19,123.845131,127.386381
2016-02-18,123.953474,127.279423
2016-02-17,123.667843,125.733405
2016-02-16,123.845131,126.51128
2016-02-12,124.002723,127.862834
2016-02-11,124.436088,130.021432
2016-02-10,124.239105,129.117147
2016-02-09,124.091363,127.989243
2016-02-08,124.130762,127.853116
2016-02-05,123.648148,125.159727
2016-02-04,123.638296,125.013882
2016-02-03,123.52011,124.41102
2016-02-02,123.490555,125.451432
2016-02-01,122.988246,123.166425
2016-01-29,123.206899,123.544675
2016-01-28,122.793719,122.50624
2016-01-27,122.646152,122.33155
2016-01-26,122.567449,122.360663
2016-01-25,122.459242,122.302428
2016-01-22,122.331347,121.642488
2016-01-21,122.508426,122.108331
2016-01-20,122.62648,122.942962
2016-01-19,122.301836,121.661902
2016-01-15,122.41989,122.040397
2016-01-14,122.085406,120.167331
2016-01-13,122.114918,121.302814
2016-01-12,121.868976,120.118803
2016-01-11,121.642714,118.410728
2016-01-08,121.79028,119.720902
2016-01-07,121.544339,119.187124
2016-01-06,121.268878,118.973612
2016-01-05,120.914729,117.3917
2016-01-04,120.865538,117.867243
2015-12-31,120.619596,117.022912
2015-12-30,120.491709,116.498841
2015-12-29,120.46219,116.615304
2015-12-28,120.786835,118.585418
2015-12-24,120.737651,118.236038
2015-12-23,120.670743,117.562505
2015-12-22,120.818132,118.453495
2015-12-21,121.024473,119.315432
2015-12-18,120.985169,119.344492
2015-12-17,120.719875,118.685933
2015-12-16,120.552838,117.359127
2015-12-15,120.759179,117.610931
2015-12-14,120.975348,118.30823
2015-12-11,121.437155,119.85778
2015-12-10,120.89674,117.998313
2015-12-09,121.073605,117.843362
2015-12-08,120.916389,117.96926
2015-12-07,120.837788,117.911154
2015-12-04,120.670743,116.778047
2015-12-03,120.503706,115.761151
2015-12-02,121.044129,118.995843
2015-12-01,121.279946,118.957103
2015-11-30,120.960608,117.371713
2015-11-27,120.960608,116.907835
2015-11-25,120.862467,117.023801
2015-11-24,120.872283,116.753204
2015-11-23,120.793767,116.762871
2015-11-20,120.725068,116.405293
2015-11-19,120.793767,116.762871
2015-11-18,120.68581,115.989732
2015-11-17,120.803576,115.748127
2015-11-16,120.85265,115.554846
2015-11-13,120.774135,115.661152
2015-11-12,120.479712,115.003986
2015-11-11,120.440454,114.453127
2015-11-10,120.469895,114.694732
2015-11-09,120.244164,114.356487
2015-11-06,120.352122,115.003986
2015-11-05,120.813392,116.714547
2015-11-04,120.862467,117.023801
2015-11-03,121.098007,116.888503
2015-11-02,121.21578,117.854923
2015-10-30,121.464081,118.399026
2015-10-29,121.40526,117.511855
2015-10-28,121.728748,119.411563
2015-10-27,122.209074,119.893723
2015-10-26,122.042431,119.594779
2015-10-23,121.915,118.804038
2015-10-22,122.307098,119.826221
2015-10-21,122.160065,119.623715
2015-10-20,122.052236,118.447245
2015-10-19,122.287496,119.180122
2015-10-16,122.277692,119.507994
2015-10-15,122.356114,119.46942
2015-10-14,122.650195,120.057655
2015-10-13,122.189472,119.016189
2015-10-12,122.111049,118.813683
2015-10-09,121.875789,117.916867
2015-10-08,121.924797,117.608285
2015-10-07,122.091447,118.601532
2015-10-06,122.297301,118.996906
2015-10-05,122.199276,118.485818
2015-10-02,122.503155,120.115512
2015-10-01,122.071838,119.392273
2015-09-30,122.049295,118.885039
2015-09-29,121.961169,119.298837
2015-09-28,121.755551,118.962027
2015-09-25,121.452022,116.960399
2015-09-24,121.5891,117.980456
2015-09-23,121.471601,117.181729
2015-09-22,121.559727,117.191354
2015-09-21,121.246404,115.584281
2015-09-18,121.559727,117.499296
2015-09-17,121.30515,115.719005
2015-09-16,120.629544,114.323644
2015-09-15,120.649131,114.756685
2015-09-14,121.177865,116.998893
2015-09-11,121.109326,116.81605
2015-09-10,120.923287,116.084684
2015-09-09,121.00162,116.873786
2015-09-08,120.942867,116.315646
2015-09-04,121.217031,118.057443
2015-09-03,121.119112,116.989267
2015-09-02,120.95266,116.421502
2015-09-01,121.011406,117.431934
2015-08-31,120.732359,116.591826
2015-08-28,120.92796,117.49445
2015-08-27,121.006201,117.148764
2015-08-26,121.035539,117.081548
2015-08-25,121.348495,119.386116
2015-08-24,121.710345,121.335393
2015-08-21,121.416953,121.364199
2015-08-20,121.133336,121.008909
2015-08-19,121.064878,119.799017
2015-08-18,120.62478,118.627528
2015-08-17,120.70302,119.568555
2015-08-14,120.517208,119.030826
2015-08-13,120.62478,118.752356
2015-08-12,120.918178,119.136452
2015-08-11,120.859502,119.789413
2015-08-10,120.419403,117.916956
2015-08-07,120.585667,119.395713
2015-08-06,120.380283,117.84974
2015-08-05,120.204253,116.812683
2015-08-04,120.429185,117.696099
2015-08-03,120.879058,118.637133
2015-07-31,120.786152,117.401311
2015-07-30,120.327036,116.538981
2015-07-29,120.327036,115.647907
2015-07-28,120.463793,116.079076
2015-07-27,120.571246,116.931823
2015-07-24,120.278191,116.309028
2015-07-23,120.209813,116.021582
2015-07-22,119.975374,114.593951
2015-07-21,119.985144,113.884927
2015-07-20,119.809313,113.271715
2015-07-17,119.994907,113.750787
2015-07-16,120.073056,113.166319
2015-07-15,120.180509,112.380642
2015-07-14,119.94607,111.211706
2015-07-13,119.721393,110.847614
2015-07-10,119.94607,111.192546
2015-07-09,120.35634,112.98427
2015-07-08,120.756848,115.255072
2015-07-07,120.551713,114.268185
2015-07-06,120.414948,113.204646
2015-07-02,120.004678,111.144636
2015-07-01,119.653015,110.780544
2015-06-30,119.980253,112.29632
2015-06-29,120.058316,113.080272
2015-06-26,119.365523,110.164358
2015-06-25,119.560673,111.416766
2015-06-24,119.765583,111.808739
2015-06-23,119.589945,110.8527
2015-06-22,119.736311,111.521931
2015-06-19,120.204682,113.845106
2015-06-18,119.90219,112.401485
2015-06-17,119.921709,112.95599
2015-06-16,119.707039,113.825981
2015-06-15,119.521641,112.946427
2015-06-12,119.316731,112.764777
2015-06-11,119.365523,112.764777
2015-06-10,118.965455,110.441603
2015-06-09,119.189884,111.416766
2015-06-08,119.424066,112.305883
2015-06-05,119.228916,112.430165
2015-06-04,119.716799,113.816426
2015-06-03,119.49237,112.35368
2015-06-02,119.941221,114.189281
2015-06-01,120.263226,115.804981
2015-05-29,120.53839,117.06313
2015-05-28,120.460421,116.805558
2015-05-27,120.323977,117.091748
2015-05-26,120.343474,116.824634
2015-05-22,120.158297,114.859434
2015-05-21,120.314229,114.811732
2015-05-20,120.002358,113.228125
2015-05-19,119.787952,113.037325
2015-05-18,120.187534,114.04855
2015-05-15,120.518902,115.994667
2015-05-14,120.216771,113.714651
2015-05-13,119.914648,113.409377
2015-05-12,119.9049,114.325199
2015-05-11,119.856174,114.029467
2015-05-08,120.392199,116.872336
2015-05-07,119.992617,116.557521
2015-05-06,119.856174,115.012067
2015-05-05,120.099824,117.015435
2015-05-04,120.207023,117.17761
2015-05-01,120.236267,118.293767
2015-04-30,120.620264,119.907906
2015-04-29,120.649469,119.698466
2015-04-28,120.766295,121.183627
2015-04-27,121.05835,122.878243
2015-04-24,121.194643,122.878243
2015-04-23,120.912319,122.116617
2015-04-22,120.737083,121.592999
2015-04-21,121.097292,123.47801
2015-04-20,121.184913,124.039703
2015-04-17,121.223848,125.144059
2015-04-16,121.26279,123.725547
2015-04-15,121.097292,124.344359
2015-04-14,121.038882,124.449083
2015-04-13,120.863647,123.573219
2015-04-10,120.698149,123.401846
2015-04-09,120.737083,123.220959
2015-04-08,120.99994,124.839418
2015-04-07,121.038882,124.801328
2015-04-06,121.155701,123.763621
2015-04-02,120.912319,124.458598
2015-04-01,120.99994,125.791445
2015-03-31,120.744869,124.160619
2015-03-30,120.521217,123.894609
2015-03-27,120.443422,124.512128
2015-03-26,120.239216,122.982565
2015-03-25,120.521217,124.930148
2015-03-24,120.77404,125.994187
2015-03-23,120.57956,124.787648
2015-03-20,120.492046,124.939643
2015-03-19,120.112797,124.284128
2015-03-18,120.550389,124.920653
2015-03-17,119.694658,122.55505
2015-03-16,119.607144,121.548011
2015-03-13,119.451554,120.388962
2015-03-12,119.480733,120.759477
2015-03-11,119.383485,120.844977
2015-03-10,119.315416,119.970942
2015-03-09,119.091765,118.412879
2015-03-06,118.800037,117.329835
2015-03-05,119.471006,119.980445
2015-03-04,119.373766,120.132447
2015-03-03,119.257074,120.094452
2015-03-02,119.402938,120.531469
2015-02-27,119.802605,122.819154
2015-02-26,119.588896,121.795106
2015-02-25,120.055163,123.482885
2015-02-24,120.006598,122.9519
2015-02-23,119.540323,121.35894
2015-02-20,119.258617,119.984066
2015-02-19,119.346046,119.633233
2015-02-18,119.559755,120.429717
2015-02-17,119.132337,119.718573
2015-02-13,119.569464,121.548582
2015-02-12,119.705466,122.809678
2015-02-11,119.569464,123.217393
2015-02-10,119.598612,122.989836
2015-02-09,119.754032,123.975948
2015-02-06,119.812313,124.175075
2015-02-05,120.764287,126.412806
2015-02-04,120.929423,127.816124
2015-02-03,120.861426,127.598044
2015-02-02,121.356841,130.357268
2015-01-30,121.422896,130.851284
2015-01-29,120.850425,128.570752
2015-01-28,121.025079,129.42241
2015-01-27,120.588441,127.340602
2015-01-26,120.47201,127.141877
2015-01-23,120.656361,127.529855
2015-01-22,120.297356,125.779235
2015-01-21,120.47201,126.233444
2015-01-20,120.743692,127.70965
2015-01-16,120.714584,126.034734
2015-01-15,121.257948,127.662333
2015-01-14,120.588441,125.684616
2015-01-13,120.268241,124.738338
2015-01-12,120.15181,124.738338
2015-01-09,119.889826,124.02863
2015-01-08,119.540519,122.684903
2015-01-07,119.686065,124.331431
2015-01-06,119.579332,124.577458
2015-01-05,119.210622,122.372644
2015-01-02,118.93894,120.480081
2014-12-31,118.676956,119.155291
2014-12-30,118.541115,118.928186
2014-12-29,118.376166,118.606448
2014-12-26,118.143297,117.726417
2014-12-24,118.133592,117.291123
2014-12-23,118.129706,116.656171
2014-12-22,118.536788,119.016868
2014-12-19,118.57555,118.856342
2014-12-18,118.430172,117.279392
2014-12-17,118.720936,119.404018
2014-12-16,119.273397,120.48994
2014-12-15,118.924474,119.016868
2014-12-12,119.254016,119.262382
2014-12-11,118.759706,117.666549
2014-12-10,118.982633,117.184965
2014-12-09,118.624015,116.335113
2014-12-08,118.391402,115.74022
2014-12-05,118.29448,114.342685
2014-12-04,118.817858,115.013129
2014-12-03,118.662785,114.059405
2014-12-02,118.711249,113.615593
2014-12-01,119.06986,114.729842
2014-11-28,119.118326,115.403111
2014-11-26,118.905337,114.498655
2014-11-25,118.760117,114.187746
2014-11-24,118.634263,113.245603
2014-11-21,118.556811,113.15139
2014-11-20,118.430957,112.473046
2014-11-19,118.324463,111.888922
2014-11-18,118.489043,112.604945
2014-11-17,118.401915,112.294043
2014-11-14,118.46,112.576682
2014-11-13,118.334146,112.030244
2014-11-12,118.256694,111.766438
2014-11-11,118.217968,111.860658
2014-11-10,118.227652,111.785285
2014-11-07,118.489043,112.821641
2014-11-06,118.072748,111.540326
2014-11-05,118.227652,112.26578
2014-11-04,118.217968,112.425943
2014-11-03,118.217968,112.077347
2014-10-31,118.317678,112.077351
2014-10-30,118.424054,112.368703
2014-10-29,118.317678,112.274719
2014-10-28,118.723834,112.020962
2014-10-27,118.868892,112.725851
2014-10-24,118.781862,112.519083
2014-10-23,118.77219,112.406298
2014-10-22,119.052633,113.411939
2014-10-21,119.081643,113.289761
2014-10-20,119.207356,114.201418
2014-10-17,119.07197,113.787881
2014-10-16,119.313731,114.426981
2014-10-15,119.516809,115.160064
2014-10-14,118.98494,114.257807
2014-10-13,118.907575,113.515323
2014-10-10,118.433726,112.829235
2014-10-09,118.278996,111.72021
2014-10-08,118.424054,112.20893
2014-10-07,117.998552,112.180735
2014-10-06,117.640751,110.686367
2014-10-03,117.466683,110.620577
2014-10-02,117.582724,110.150651
2014-10-01,117.718116,111.118705
2014-09-30,117.189142,109.004972
2014-09-29,117.227781,109.623736
2014-09-26,117.063571,108.751846
2014-09-25,117.26642,108.911222
2014-09-24,116.96697,107.6362
2014-09-23,117.121526,108.236209
2014-09-22,117.034594,107.570574
2014-09-19,116.822083,107.439322
2014-09-18,116.677189,106.089304
2014-09-17,116.764121,105.751798
2014-09-16,117.015271,106.023671
2014-09-15,116.937993,106.454935
2014-09-12,116.812422,106.295552
2014-09-11,116.957316,107.420575
2014-09-10,116.986293,107.776829
2014-09-09,117.092548,108.461218
2014-09-08,117.285736,108.545591
2014-09-05,117.440291,108.49872
2014-09-04,117.343698,108.704967
2014-09-03,117.498246,110.045615
2014-09-02,117.420968,109.436236
2014-08-29,117.797695,111.357203
2014-08-28,117.7205,111.28237
2014-08-27,117.604707,110.702431
2014-08-26,117.498565,109.767049
2014-08-25,117.411725,110.122499
2014-08-22,117.469618,109.710929
2014-08-21,117.566109,109.102929
2014-08-20,117.498565,108.49493
2014-08-19,117.778393,108.672654
2014-08-18,117.797695,109.009392
2014-08-15,117.923133,110.103787
2014-08-14,117.797695,108.915856
2014-08-13,117.730151,108.04595
2014-08-12,117.508216,107.344414
2014-08-11,117.546814,108.04595
2014-08-08,117.527518,108.055299
2014-08-07,117.595063,108.289144
2014-08-06,117.363476,107.288286
2014-08-05,117.315234,107.22281
2014-08-04,117.33453,106.876723
2014-08-01,117.228388,107.157333
2014-07-31,116.73724,106.334202
2014-07-30,116.698684,106.651391
2014-07-29,117.064961,108.153393
2014-07-28,117.026411,107.761568
2014-07-25,117.093884,107.910832
2014-07-24,116.930016,106.651391
2014-07-23,117.238462,107.453703
2014-07-22,117.209546,107.593642
2014-07-21,117.074602,107.369736
2014-07-18,117.103517,106.837972
2014-07-17,117.296301,107.183155
2014-07-16,116.968573,105.84908
2014-07-15,116.987855,105.289329
2014-07-14,117.093884,105.503897
2014-07-11,117.248103,105.961033
2014-07-10,117.151715,105.289329
2014-07-09,116.987855,105.261343
2014-07-08,116.920382,105.177376
2014-07-07,116.73724,104.011227
2014-07-03,116.689043,103.255564
2014-07-02,116.843269,103.628733
2014-07-01,117.103517,104.748234
2014-06-30,117.283776,105.632641
2014-06-27,117.225996,105.372096
2014-06-26,117.158592,105.53029
2014-06-25,117.014152,105.027808
2014-06-24,116.879344,104.757957
2014-06-23,116.72528,103.706464
2014-06-20,116.754167,104.032152
2014-06-19,116.783053,103.250511
2014-06-18,116.792685,104.590463
2014-06-17,116.446032,103.790215
2014-06-16,116.754167,104.618377
2014-06-13,116.792685,104.357833
2014-06-12,116.966011,104.413662
2014-06-11,116.734912,103.492449
2014-06-10,116.638614,103.30634
2014-06-09,116.763798,103.687857
2014-06-06,116.917862,103.836736
2014-06-05,117.023784,103.836736
2014-06-04,116.937124,103.790215
2014-06-03,116.927493,103.818129
2014-06-02,117.177854,105.111552
2014-05-30,117.463839,105.898771
2014-05-29,117.569655,105.94518
2014-05-28,117.656227,106.511336
2014-05-27,117.386881,105.211963
2014-05-23,117.329167,104.599399
2014-05-22,117.223352,104.042526
2014-05-21,117.348403,104.191029
2014-05-20,117.42536,104.831429
2014-05-19,117.232973,104.599399
2014-05-16,117.21373,105.379025
2014-05-15,117.309924,105.676024
2014-05-14,117.136772,104.840712
2014-05-13,116.867427,103.717685
2014-05-12,116.665418,102.826688
2014-05-09,116.819334,103.244341
2014-05-08,116.809712,103.578465
2014-05-07,116.646182,104.023967
2014-05-06,116.51151,104.395218
2014-05-05,116.492267,103.977558
2014-05-02,116.521124,104.608682
2014-05-01,116.578846,103.968275
2014-04-30,116.453788,102.864738
2014-04-29,116.175098,102.438837
2014-04-28,116.107828,102.577719
2014-04-25,116.194322,103.077693
2014-04-24,116.079,102.929549
2014-04-23,116.11744,102.735117
2014-04-22,115.954072,102.151818
2014-04-21,116.069388,101.809241
2014-04-17,115.963677,101.892574
2014-04-16,116.367295,103.022136
2014-04-15,116.559499,102.892514
2014-04-14,116.569111,102.253664
2014-04-11,116.713255,102.522169
2014-04-10,116.617156,101.698134
2014-04-09,116.405735,100.763005
2014-04-08,116.213539,101.262978
2014-04-07,116.107828,101.022249
2014-04-04,115.982901,100.420428
2014-04-03,115.531231,99.753797
2014-04-02,115.521619,99.318635
2014-04-01,115.829138,99.89268
2014-03-31,115.883913,100.753745
2014-03-28,115.768708,101.003093
2014-03-27,115.979914,101.575658
2014-03-26,116.018315,101.067738
2014-03-25,115.691912,100.282758
2014-03-24,115.701507,100.661396
2014-03-21,115.80711,99.950305
2014-03-20,115.816712,98.879043
2014-03-19,115.855114,99.05451
2014-03-18,116.623132,99.830246
2014-03-17,116.450328,99.470082
2014-03-14,116.690333,100.218114
2014-03-13,116.680731,100.199647
2014-03-12,116.354321,98.869806
2014-03-11,116.191119,98.186418
2014-03-10,116.123918,97.92784
2014-03-07,116.075922,97.789314
2014-03-06,116.383127,98.408056
2014-03-05,116.58473,99.38697
2014-03-04,116.546329,99.174562
2014-03-03,116.968732,100.6891
2014-02-28,116.677852,100.021411
2014-02-27,116.773771,99.966138
2014-02-26,116.735402,99.42259
2014-02-25,116.562744,98.897471
2014-02-24,116.370906,98.022275
2014-02-21,116.418869,98.271012
2014-02-20,116.390087,97.755108
2014-02-19,116.524382,97.994638
2014-02-18,116.658671,98.409203
2014-02-14,116.457238,98.188102
2014-02-13,116.486013,98.132822
2014-02-12,116.188654,97.580066
2014-02-11,116.351725,98.086763
2014-02-10,116.620302,98.657941
2014-02-07,116.649077,98.381566
2014-02-06,116.409275,98.298649
2014-02-05,116.524382,98.722436
2014-02-04,116.716221,99.643698
2014-02-03,116.850509,100.712358
2014-01-31,116.50711,99.499977
2014-01-30,116.248357,98.838358
2014-01-29,116.29627,99.123226
2014-01-28,116.056682,98.314577
2014-01-27,115.903349,98.075665
2014-01-24,116.037518,98.76485
2014-01-23,115.807508,98.130797
2014-01-22,115.357088,96.761618
2014-01-21,115.548755,97.00053
2014-01-17,115.69251,96.927022
2014-01-16,115.567919,96.522698
2014-01-15,115.414586,95.879454
2014-01-14,115.520006,95.980535
2014-01-13,115.826679,96.421617
2014-01-10,115.625425,95.943785
2014-01-09,115.050414,94.813518
2014-01-08,114.90666,94.262171
2014-01-07,115.337916,94.519466
2014-01-06,115.242082,94.280546
2014-01-03,115.059993,93.885413
2014-01-02,115.146248,93.885413
2013-12-31,115.031243,93.600552
2013-12-30,115.165412,94.197848
2013-12-27,115.002494,93.554604
2013-12-26,115.012079,93.82109
2013-12-24,114.996741,94.184063
2013-12-23,115.226568,94.944279
2013-12-20,115.341474,95.484668
2013-12-19,115.456387,94.037513
2013-12-18,115.781971,94.129103
2013-12-17,115.973485,94.605386
2013-12-16,115.791541,94.184063
2013-12-13,115.743666,94.53211
2013-12-12,115.762815,94.07415
2013-12-11,115.983063,94.431359
2013-12-10,116.145851,95.164098
2013-12-09,115.944759,94.486319
2013-12-06,115.925603,94.266493
2013-12-05,115.983063,93.817694
2013-12-04,116.136274,94.083312
2013-12-03,116.346944,94.990071
2013-12-02,116.241609,94.642023
2013-11-29,116.497285,95.383914
2013-11-27,116.497285,95.356519
2013-11-26,116.573835,95.520895
2013-11-25,116.478151,95.164747
2013-11-22,116.411171,94.890791
2013-11-21,116.32505,94.014111
2013-11-20,116.286775,93.858869
2013-11-19,116.39203,95.484366
2013-11-18,116.583398,96.214931
2013-11-15,116.420735,95.639616
2013-11-14,116.449439,95.447838
2013-11-13,116.114541,94.863389
2013-11-12,115.837051,94.516375
2013-11-11,115.942306,94.078035
2013-11-08,115.971011,94.43419
2013-11-07,116.516419,96.76285
2013-11-06,116.401601,95.950101
2013-11-05,116.152816,95.904438
2013-11-04,116.31548,97.064208
2013-11-01,116.18152,96.97289
2013-10-31,116.481974,98.034025
2013-10-30,116.481974,97.824554
2013-10-29,116.606262,98.416541
2013-10-28,116.520216,98.289036
2013-10-25,116.548903,98.626019
2013-10-24,116.453295,98.261714
2013-10-23,116.520216,98.644231
2013-10-22,116.472419,98.261714
2013-10-21,116.147367,97.17791
2013-10-18,116.204734,97.487571
2013-10-17,116.185609,97.278094
2013-10-16,115.917923,96.403766
2013-10-15,115.631113,95.210675
2013-10-14,115.535512,95.274428
2013-10-11,115.755401,96.048571
2013-10-10,115.6598,96.075893
2013-10-09,115.669355,95.921066
2013-10-08,115.68848,96.695209
2013-10-07,115.831885,96.667887
2013-10-04,115.793643,96.276261
2013-10-03,115.994407,96.349123
2013-10-02,115.898806,96.50395
2013-10-01,115.717159,96.358233
2013-09-30,115.903582,96.651497
2013-09-27,115.827159,96.796834
2013-09-26,115.674311,96.560661
2013-09-25,115.779392,97.241945
2013-09-24,115.607442,97.0421
2013-09-23,115.454602,96.006549
2013-09-20,115.273097,95.307094
2013-09-19,115.282652,94.80749
2013-09-18,115.473704,95.37068
2013-09-17,114.661721,94.207956
2013-09-16,114.537538,93.435836
2013-09-13,114.241398,94.062619
2013-09-12,114.155427,93.699266
2013-09-11,114.174529,93.826439
2013-09-10,113.849739,92.999811
2013-09-09,114.117215,93.653845
2013-09-06,113.907053,93.60843
2013-09-05,113.467627,93.145155
2013-09-04,113.973922,94.462301
2013-09-03,114.27961,94.671231
2013-08-30,114.518431,96.02562
2013-08-29,114.642532,96.134341
2013-08-28,114.585256,95.373307
2013-08-27,114.814367,96.152457
2013-08-26,114.537528,94.956554
2013-08-23,114.337048,94.485444
2013-08-22,114.098388,93.470735
2013-08-21,114.298869,92.528507
2013-08-20,114.709363,93.552277
2013-08-19,114.432517,92.836546
2013-08-16,114.604353,93.651937
2013-08-15,114.814367,93.978093
2013-08-14,115.053027,95.264593
2013-08-13,115.033937,95.119632
2013-08-12,115.511256,96.514854
2013-08-09,115.59717,97.176228
2013-08-08,115.530346,97.022205
2013-08-07,115.482618,96.759474
2013-08-06,115.368059,96.043743
2013-08-05,115.387156,95.762882
2013-08-02,115.520805,96.505792
2013-08-01,114.909837,95.45485
2013-07-31,115.409111,97.330239
2013-07-30,115.399569,96.97779
2013-07-29,115.437728,97.01394
2013-07-26,115.475887,97.727876
2013-07-25,115.418645,97.131427
2013-07-24,115.294634,97.16757
2013-07-23,115.60944,98.414703
2013-07-22,115.676216,98.830411
2013-07-19,115.647599,98.685814
2013-07-18,115.418645,97.149499
2013-07-17,115.599898,98.378553
2013-07-16,115.294634,98.197813
2013-07-15,115.266016,97.863435
2013-07-12,115.094305,97.348317
2013-07-11,115.180157,97.429648
2013-07-10,114.550552,96.300003
2013-07-09,114.703181,97.059128
2013-07-08,114.62687,96.959719
2013-07-05,114.178512,96.028892
2013-07-03,115.094305,99.417828
2013-07-02,115.237399,99.716049
2013-07-01,115.218316,99.779316
2013-06-28,115.121015,99.57869
2013-06-27,115.178227,98.90245
2013-06-26,114.84451,97.901613
2013-06-25,114.615681,97.270451
2013-06-24,114.625218,98.145057
2013-06-21,114.796841,97.739315
2013-06-20,115.464262,99.425404
2013-06-19,115.635885,101.084451
2013-06-18,116.589347,102.139385
2013-06-17,116.646553,102.085288
2013-06-14,116.675163,102.626279
2013-06-13,116.522605,102.869723
2013-06-12,116.122153,101.282816
2013-06-11,116.341445,102.75251
2013-06-10,116.255637,101.544297
2013-06-07,116.398658,102.031191
2013-06-06,116.760971,103.888596
2013-06-05,116.722831,103.951712
2013-06-04,116.551208,102.536115
2013-06-03,116.675163,103.491866
2013-05-31,116.638925,102.946368
2013-05-30,116.762814,103.297168
2013-05-29,116.762814,103.54903
2013-05-28,116.629393,102.39768
2013-05-24,117.229794,105.06017
2013-05-23,117.229794,104.916249
2013-05-22,117.191673,104.421528
2013-05-21,117.582403,105.995631
2013-05-20,117.477572,105.168104
2013-05-17,117.506168,105.294032
2013-05-16,117.725356,106.643264
2013-05-15,117.487104,105.545887
2013-05-14,117.382272,104.844288
2013-05-13,117.525225,105.995631
2013-05-10,117.611,106.814168
2013-05-09,117.896899,107.974508
2013-05-08,117.915963,108.253347
2013-05-07,117.887366,108.082449
2013-05-06,117.925488,108.505203
2013-05-03,117.963609,108.775052
2013-05-02,118.392468,111.401554
2013-05-01,118.354347,111.545476
2013-04-30,118.228555,110.411218
2013-04-29,118.228555,110.348388
2013-04-26,118.180925,110.752296
2013-04-25,118.028523,109.747005
2013-04-24,118.047571,110.222728
2013-04-23,118.028523,109.944473
2013-04-22,118.057098,110.330433
2013-04-19,117.980894,110.249654
2013-04-18,118.028523,110.48302
2013-04-17,118.047571,110.21375
2013-04-16,117.990421,109.486713
2013-04-15,118.104721,110.393263
2013-04-12,118.028523,109.441831
2013-04-11,117.828485,107.835164
2013-04-10,117.761808,107.628724
2013-04-09,117.980894,109.12768
2013-04-08,117.914217,109.39695
2013-04-05,118.038044,110.240676
2013-04-04,117.990421,108.059559
2013-04-03,117.828485,106.784998
2013-04-02,117.590351,105.833566
2013-04-01,117.647508,106.2644
2013-03-28,117.565587,105.470044
2013-03-27,117.651273,106.007424
2013-03-26,117.460863,105.111788
2013-03-25,117.375185,104.9864
2013-03-22,117.346625,105.08492
2013-03-21,117.346625,105.004309
2013-03-20,117.270461,104.001202
2013-03-19,117.413267,105.174482
2013-03-18,117.279984,104.466929
2013-03-15,117.137178,103.678773
2013-03-14,116.918209,103.195129
2013-03-13,116.88965,103.5086
2013-03-12,116.927732,103.616078
2013-03-11,116.803971,102.872699
2013-03-08,116.784926,102.774179
2013-03-07,117.003895,103.857897
2013-03-06,117.232379,104.66397
2013-03-05,117.394222,105.6223
2013-03-04,117.479908,105.926813
2013-03-01,117.537027,106.491068
2013-02-28,117.444677,105.914282
2013-02-27,117.378066,105.717664
2013-02-26,117.368549,106.030463
2013-02-25,117.406613,106.647129
2013-02-22,117.035495,104.59158
2013-02-21,116.978402,104.520081
2013-02-20,116.854699,103.912354
2013-02-19,116.740506,103.599554
2013-02-15,116.816635,104.117911
2013-02-14,116.883245,104.421772
2013-02-13,116.645349,103.483374
2013-02-12,116.835663,104.332401
2013-02-11,116.92131,104.59158
2013-02-08,116.978402,104.672018
2013-02-07,116.968884,104.269841
2013-02-06,116.93082,104.50221
2013-02-05,116.77857,103.653182
2013-02-04,116.940338,104.582641
2013-02-01,116.626313,103.259945
2013-01-31,116.734792,104.618394
2013-01-30,116.725286,104.110105
2013-01-29,116.649199,104.288449
2013-01-28,116.687243,104.868079
2013-01-25,116.782349,105.251525
2013-01-24,117.153267,106.713971
2013-01-23,117.257885,107.088498
2013-01-22,117.229354,107.249011
2013-01-18,117.16278,107.043915
2013-01-17,117.039135,106.22352
2013-01-16,117.276904,107.2936
2013-01-15,117.200823,107.070666
2013-01-14,117.115223,106.580209
2013-01-11,117.115223,106.874483
2013-01-10,116.963055,105.929246
2013-01-09,117.10571,106.22352
2013-01-08,117.020117,106.321612
2013-01-07,116.886967,105.626052
2013-01-04,116.848923,105.58147
2013-01-03,116.848923,105.171272
2013-01-02,117.115223,106.615879
2012-12-31,117.191311,108.060493
2012-12-28,117.391035,109.959887
2012-12-27,117.295929,109.335675
2012-12-26,117.16278,108.97006
2012-12-24,117.102863,108.57948
2012-12-21,117.150388,108.775232
2012-12-20,116.998298,107.600726
2012-12-19,117.026814,107.582934
2012-12-18,116.922249,107.227022
2012-12-17,117.13138,108.330343
2012-12-14,117.388035,109.976429
2012-12-13,117.321494,109.157836
2012-12-12,117.4926,109.077752
2012-12-11,117.625682,110.359033
2012-12-10,117.711238,111.204326
2012-12-07,117.673214,110.714946
2012-12-06,117.768271,111.747083
2012-12-05,117.749263,111.506846
2012-12-04,117.673214,111.560231
2012-12-03,117.63519,110.919597
2012-11-30,117.665607,110.817271
2012-11-29,117.589601,111.119198
2012-11-28,117.551595,111.10144
2012-11-27,117.466078,111.261286
2012-11-26,117.352066,110.826153
2012-11-23,117.266549,110.302212
2012-11-21,117.295052,110.408778
2012-11-20,117.380569,110.47094
2012-11-19,117.551595,111.58986
2012-11-16,117.656111,112.22036
2012-11-15,117.608601,112.318044
2012-11-14,117.580098,112.540051
2012-11-13,117.599097,112.433485
2012-11-12,117.551595,112.060514
2012-11-09,117.494589,111.874029
2012-11-08,117.504085,111.749699
2012-11-07,117.304556,110.115726
2012-11-06,116.895994,108.153181
2012-11-05,117.171536,109.183292
2012-11-02,117.029014,108.570556
2012-11-01,117.010014,108.650476
2012-10-31,117.105027,109.547388
2012-10-26,116.895994,108.908005
2012-10-25,116.610956,107.327313
2012-10-24,116.857988,107.877894
2012-10-23,116.876995,108.952409
2012-10-22,116.677466,107.416114
2012-10-19,116.867491,108.108777
2012-10-18,116.696465,106.66129
2012-10-17,116.791478,107.31843
2012-10-16,117.152537,108.321909
2012-10-15,117.314059,109.840439
2012-10-12,117.352066,110.089087
2012-10-11,117.323563,109.8138
2012-10-10,117.333059,109.058969
2012-10-09,117.285556,108.295262
2012-10-08,117.399569,108.49063
2012-10-05,117.228543,107.584842
2012-10-04,117.428072,108.996807
2012-10-03,117.580098,110.373256
2012-10-02,117.532588,110.337734
2012-10-01,117.513588,110.488697
2012-09-28,117.491738,110.080205
2012-09-27,117.425262,110.018173
2012-09-26,117.47274,110.806865
2012-09-25,117.254323,109.628256
2012-09-24,117.197346,108.555989
2012-09-21,117.140361,107.714129
2012-09-20,117.016908,107.590066
2012-09-19,116.997911,107.324212
2012-09-18,116.940934,106.624135
2012-09-17,116.807982,106.092434
2012-09-14,116.788992,104.834072
2012-09-13,117.197346,107.696402
2012-09-12,116.969423,108.121767
2012-09-11,117.130863,109.486472
2012-09-10,117.206837,110.177684
2012-09-07,117.187847,109.91183
2012-09-06,117.054896,110.425811
2012-09-05,117.368277,112.295633
2012-09-04,117.349287,112.827335
2012-08-31,117.522125,112.940764
2012-08-30,117.180435,111.366739
2012-08-29,117.019084,110.791953
2012-08-28,117.019084,111.278305
2012-08-27,117.00959,111.013024
2012-08-24,116.876712,110.367494
2012-08-23,116.943151,110.47361
2012-08-22,116.848239,110.013786
2012-08-21,116.42113,108.227528
2012-08-20,116.402143,107.750014
2012-08-17,116.354683,107.528943
2012-08-16,116.240792,107.007218
2012-08-15,116.37367,107.926875
2012-08-14,116.629934,109.465527
2012-08-13,116.838745,110.968807
2012-08-10,116.810272,111.154506
2012-08-09,116.705867,110.59741
2012-08-08,116.696373,110.676999
2012-08-07,116.829252,111.269467
2012-08-06,117.104502,112.719693
2012-08-03,117.028577,112.675476
2012-08-02,117.3323,114.523626
2012-08-01,117.208908,113.878103
2012-07-31,117.378806,114.450235
2012-07-30,117.246025,114.22081
2012-07-27,117.056333,113.373678
2012-07-26,117.388285,115.553264
2012-07-25,117.511586,116.621001
2012-07-24,117.5021,116.320981
2012-07-23,117.43571,115.412073
2012-07-20,117.359833,114.767908
2012-07-19,117.151175,113.382511
2012-07-18,117.1986,113.673712
2012-07-17,117.113244,113.611936
2012-07-16,117.208086,114.512011
2012-07-13,117.056333,113.982552
2012-07-12,117.037367,114.282573
2012-07-11,116.970977,113.479578
2012-07-10,117.027881,113.338387
2012-07-09,117.008915,113.108949
2012-07-06,116.8951,112.120639
2012-07-05,116.743346,111.088206
2012-07-03,116.639024,110.523456
2012-07-02,116.762319,111.379408
2012-06-29,116.565989,110.241958
2012-06-28,116.651277,111.694828
2012-06-27,116.49965,111.421867
2012-06-26,116.433312,111.245758
2012-06-25,116.49965,111.686021
2012-06-22,116.281678,110.083463
2012-06-21,116.423833,111.571555
2012-06-20,116.329066,110.981604
2012-06-19,116.52808,110.435675
2012-06-18,116.651277,111.897353
2012-06-15,116.689186,111.298594
2012-06-14,116.395404,110.682221
2012-06-13,116.52808,110.823109
2012-06-12,116.281678,109.740058
2012-06-11,116.565989,110.752665
2012-06-08,116.471221,110.250765
2012-06-07,116.452263,110.27718
2012-06-06,116.348016,110.109884
2012-06-05,116.641806,112.355224
2012-06-04,116.670235,113.878538
2012-06-01,117.020883,114.785479
2012-05-31,116.797225,112.12365
2012-05-30,116.617324,110.840731
2012-05-29,116.181754,108.099147
2012-05-25,116.266977,108.433062
2012-05-24,116.134415,108.028855
2012-05-23,116.276448,108.441851
2012-05-22,116.172291,107.69494
2012-05-21,116.266977,108.907567
2012-05-18,116.285911,109.136028
2012-05-17,116.304853,109.109667
2012-05-16,116.266977,107.211653
2012-05-15,116.266977,106.904105
2012-05-14,116.342729,106.473531
2012-05-11,116.191225,105.006084
2012-05-10,116.058663,104.144943
2012-05-09,116.124944,104.452498
2012-05-08,116.077597,104.382199
2012-05-07,116.001853,103.828613
2012-05-04,115.973447,103.811035
2012-05-03,115.812473,103.002622
2012-05-02,115.803009,103.028982
2012-05-01,115.765133,102.308438
2012-04-30,115.820996,102.841813
2012-04-27,115.745313,102.815516
2012-04-26,115.716934,102.727858
2012-04-25,115.556112,102.11424
2012-04-24,115.565575,102.640194
2012-04-23,115.698016,103.367767
2012-04-20,115.518271,102.622665
2012-04-19,115.556112,102.605136
2012-04-18,115.489891,102.50871
2012-04-17,115.433125,102.210665
2012-04-16,115.527733,102.272026
2012-04-13,115.45205,102.421046
2012-04-12,115.225007,100.79059
2012-04-11,115.32907,101.211351
2012-04-10,115.442588,102.438581
2012-04-09,115.225007,101.290247
2012-04-05,114.695232,98.976044
2012-04-04,114.430348,98.266
2012-04-03,114.146547,96.933582
2012-04-02,114.581715,98.642935
2012-03-30,114.45589,98.099447
2012-03-29,114.644921,99.786898
2012-03-28,114.436991,99.043721
2012-03-27,114.522049,99.183617
2012-03-26,114.219606,98.475408
2012-03-23,114.153447,98.982519
2012-03-22,113.973869,98.055735
2012-03-21,113.860457,97.740977
2012-03-20,113.529661,96.648068
2012-03-19,113.61472,96.263362
2012-03-16,113.954969,97.426218
2012-03-15,114.058935,97.233866
2012-03-14,113.945516,97.085232
2012-03-13,114.588208,99.594551
2012-03-12,115.032423,101.378172
2012-03-09,115.126935,101.395662
2012-03-08,115.136389,101.194564
2012-03-07,115.306513,102.217531
2012-03-06,115.410479,102.847041
2012-03-05,115.193094,101.614244
2012-03-02,115.34432,102.427368
2012-03-01,115.013524,101.474348
2012-02-29,115.126939,102.438735
2012-02-28,115.306355,103.06682
2012-02-27,115.278028,103.407032
2012-02-24,115.041957,102.499799
2012-02-23,115.136384,101.836819
2012-02-22,115.126939,101.836819
2012-02-21,114.862541,100.571931
2012-02-17,115.070284,101.697249
2012-02-16,115.079729,101.723418
2012-02-15,115.419672,102.543418
2012-02-14,115.3158,102.726609
2012-02-13,115.268583,102.185756
2012-02-10,115.381899,102.054904
2012-02-09,115.117501,100.746396
2012-02-08,115.287465,101.505333
2012-02-07,115.306355,101.426819
2012-02-06,115.589643,102.70044
2012-02-03,115.457437,101.688523
2012-02-02,115.787941,103.921708
2012-02-01,115.740724,103.965328
2012-01-31,115.84837,105.170027
2012-01-30,115.716307,103.96908
2012-01-27,115.603114,102.75943
2012-01-26,115.527647,102.437434
2012-01-25,115.272948,101.097244
2012-01-24,114.829597,101.340914
2012-01-23,114.744695,101.158161
2012-01-20,114.857895,101.802153
2012-01-19,114.952225,102.968288
2012-01-18,115.291818,104.404207
2012-01-17,115.367285,105.683479
2012-01-13,115.348415,105.196133
2012-01-12,115.112586,104.160537
2012-01-11,115.169183,104.308478
2012-01-10,114.933354,102.968288
2012-01-09,114.980523,103.142336
2012-01-06,114.989958,103.325095
2012-01-05,114.772993,102.51576
2012-01-04,114.744695,102.698512
2012-01-03,114.782428,103.934269
2011-12-30,115.122022,105.518129
2011-12-29,114.857895,105.178731
2011-12-28,114.763565,104.987274
2011-12-27,114.461698,103.081419
2011-12-23,114.451318,102.594077
2011-12-22,114.724608,103.747796
2011-12-21,114.677493,103.314067
2011-12-20,114.903661,104.771394
2011-12-19,115.17695,107.451839
2011-12-16,115.186376,106.107278
2011-12-15,114.884817,104.884168
2011-12-14,114.969627,105.274521
2011-12-13,114.903661,103.322744
2011-12-12,114.799999,102.368543
2011-12-09,114.696338,101.240847
2011-12-08,114.884817,103.366119
2011-12-07,114.658642,102.090957
2011-12-06,114.451318,101.72662
2011-12-05,114.47017,102.70685
2011-12-02,114.545561,102.915038
2011-12-01,114.319387,101.49241
2011-11-30,114.309967,102.004203
2011-11-29,114.479413,103.622359
2011-11-28,114.545308,104.479026
2011-11-25,114.526484,104.53095
2011-11-23,114.733579,106.071223
2011-11-22,114.611204,105.041487
2011-11-21,114.451173,103.881958
2011-11-18,114.375862,103.267573
2011-11-17,114.639444,103.293539
2011-11-16,114.535893,102.471478
2011-11-15,114.422934,101.545584
2011-11-14,114.507653,101.684038
2011-11-11,114.225241,100.074538
2011-11-10,114.432342,100.688916
2011-11-09,114.545308,102.211886
2011-11-08,114.291143,100.13511
2011-11-07,114.422934,101.433094
2011-11-04,114.432342,100.792757
2011-11-03,114.347623,100.671606
2011-11-02,114.498237,102.073431
2011-11-01,114.479413,103.362759
2011-10-31,114.052034,100.01483
2011-10-28,113.309298,96.199975
2011-10-27,112.952036,95.198794
2011-10-26,113.478529,98.538947
2011-10-25,113.873406,100.291018
2011-10-24,113.384514,97.805322
2011-10-21,113.459729,97.641333
2011-10-20,113.516137,98.685671
2011-10-19,113.600756,99.393411
2011-10-18,113.553745,99.427929
2011-10-17,113.431525,100.049354
2011-10-14,113.215283,98.349066
2011-10-13,113.299902,99.799057
2011-10-12,113.074256,98.815136
2011-10-11,113.149471,100.273759
2011-10-10,113.140068,100.610364
2011-10-07,113.459729,102.051722
2011-10-06,113.779383,102.811245
2011-10-05,114.061437,104.744564
2011-10-04,114.29648,105.504081
2011-10-03,114.503318,106.859131
2011-09-30,114.075539,103.997131
2011-09-29,113.859555,101.448851
2011-09-28,113.944065,100.751522
2011-09-27,113.972243,100.785959
2011-09-26,114.207005,102.352803
2011-09-23,114.413589,104.022957
2011-09-22,114.770432,105.994427
2011-09-21,114.441767,102.154798
2011-09-20,114.460545,98.883363
2011-09-19,114.441767,98.470127
2011-09-16,114.000413,96.627794
2011-09-15,113.972243,95.930464
2011-09-14,114.18822,97.41983
2011-09-13,114.244568,96.601968
2011-09-12,114.310301,97.996634
2011-09-09,114.610796,97.893323
2011-09-08,114.319686,96.860241
2011-09-07,114.131879,95.999338
2011-09-06,114.197612,97.867497
2011-09-02,114.282123,96.860241
2011-09-01,114.122487,93.812643
2011-08-31,113.733721,91.865274
2011-08-30,113.846257,93.30724
2011-08-29,113.639945,91.83094
2011-08-26,113.883769,93.11841
2011-08-25,113.649325,92.2086
2011-08-24,113.283592,91.221539
2011-08-23,113.761854,93.890894
2011-08-22,113.940034,95.204112
2011-08-19,113.968166,95.444439
2011-08-18,114.05257,94.68054
2011-08-17,113.958786,92.775084
2011-08-16,113.752481,91.178627
2011-08-15,113.489897,89.693742
2011-08-12,113.686837,90.612137
2011-08-11,113.386748,88.852592
2011-08-10,113.996298,93.573315
2011-08-09,113.452392,90.869634
2011-08-08,112.974124,90.594974
2011-08-05,112.308302,87.822619
2011-08-04,112.983503,90.431892
2011-08-03,112.289542,87.324796
2011-08-02,112.355187,87.153136
2011-08-01,111.848786,84.612529
2011-07-29,111.691247,83.76709
2011-07-28,110.876663,82.141706
2011-07-27,110.754947,81.833745
2011-07-26,110.904751,81.825188
2011-07-25,110.651953,81.269135
2011-07-22,110.773669,82.167375
2011-07-21,110.642588,81.55144
2011-07-20,110.914116,82.184482
2011-07-19,111.176279,83.168267
2011-07-18,111.035832,81.474445
2011-07-15,111.045197,82.270027
2011-07-14,110.773669,82.133156
2011-07-13,111.073285,83.322251
2011-07-12,110.979657,83.091272
2011-07-11,110.820487,82.808974
2011-07-08,110.342972,81.585659
2011-07-07,109.593936,80.44789
2011-07-06,109.959093,80.687419
2011-07-05,109.846734,80.276793
2011-07-01,109.313044,80.097146
2011-06-30,109.469402,80.225467
2011-06-29,109.76855,80.353352
2011-06-28,110.114442,80.890459
2011-06-27,110.806219,81.54693
2011-06-24,111.049279,82.680831
2011-06-23,110.703387,83.030375
2011-06-22,110.376195,82.399486
2011-06-21,110.338801,82.348328
2011-06-20,110.41359,82.714927
2011-06-17,110.469678,82.612625
2011-06-16,110.441634,83.0048
2011-06-15,110.329451,82.629673
2011-06-14,109.647024,81.154756
2011-06-13,110.16118,82.399486
2011-06-10,110.235968,82.817236
2011-06-09,110.123793,82.186347
2011-06-08,110.450984,82.518843
2011-06-07,110.235968,81.879427
2011-06-06,110.058354,81.5043
2011-06-03,109.983566,82.126668
2011-06-02,109.759207,81.65776
2011-06-01,110.105092,83.243514
2011-05-31,109.629265,82.133489
2011-05-27,109.49861,81.946609
2011-05-26,109.433283,81.980587
2011-05-25,109.050645,81.284037
2011-05-24,109.022649,81.666288
2011-05-23,108.957321,81.360485
2011-05-20,108.891994,80.969738
2011-05-19,108.733343,80.927263
2011-05-18,108.630684,80.961241
2011-05-17,108.947987,82.048539
2011-05-16,108.817332,81.21608
2011-05-13,108.630684,80.765871
2011-05-12,108.462698,80.043838
2011-05-11,108.546688,80.553508
2011-05-10,108.294712,80.094804
2011-05-09,108.565357,80.672431
2011-05-06,108.453364,80.757375
2011-05-05,108.369374,81.114143
2011-05-04,108.080061,80.349635
2011-05-03,108.033403,79.992867
2011-05-02,107.940079,79.542659
2011-04-29,107.881281,79.415238
2011-04-28,107.732206,79.169946
2011-04-27,107.471331,78.569405
2011-04-26,107.489969,79.381404
2011-04-25,107.219776,78.620153
2011-04-21,107.014801,78.324113
2011-04-20,106.996163,78.391781
2011-04-19,107.257045,78.899279
2011-04-18,107.210457,78.560945
2011-04-15,106.902995,78.383321
2011-04-14,106.446465,77.33449
2011-04-13,106.632802,77.393698
2011-04-12,106.511684,76.911574
2011-04-11,105.999247,76.091115
2011-04-08,105.961986,76.023447
2011-04-07,106.111053,76.429449
2011-04-06,105.915398,76.581699
2011-04-05,106.139003,77.748946
2011-04-04,106.539634,78.061907
2011-04-01,106.288078,77.977325
2011-03-31,106.196766,77.600081
2011-03-30,106.438589,77.760118
2011-03-29,106.168864,77.145244
2011-03-28,106.382779,77.743275
2011-03-25,106.447885,77.633773
2011-03-24,106.689708,77.827502
2011-03-23,106.978031,78.417102
2011-03-22,107.071045,78.518179
2011-03-21,107.089644,78.257071
2011-03-18,107.536086,78.720326
2011-03-17,107.684896,78.509754
2011-03-16,107.880212,79.116203
2011-03-15,107.275657,78.231797
2011-03-14,107.210552,77.077866
2011-03-11,106.95013,77.111558
2011-03-10,106.996637,77.549545
2011-03-09,106.419983,76.269269
2011-03-08,106.150259,75.536475
2011-03-07,106.196766,75.999737
2011-03-04,106.336279,76.488259
2011-03-03,105.741027,75.856543
2011-03-02,106.336279,76.606179
2011-03-01,106.6153,77.802235
2011-02-28,106.478584,77.577342
2011-02-25,106.348567,77.47659
2011-02-24,106.209276,77.023215
2011-02-23,106.162841,76.536263
2011-02-22,106.311428,76.259199
2011-02-18,105.661371,75.134156
2011-02-17,105.587078,75.369238
2011-02-16,105.289911,75.251697
2011-02-15,105.327058,75.495177
2011-02-14,105.197048,75.159343
2011-02-11,105.178478,75.10897
2011-02-10,105.002033,74.042704
2011-02-09,105.234195,74.907472
2011-02-08,104.918458,74.260991
2011-02-07,105.419921,74.949447
2011-02-04,105.503503,74.563241
2011-02-03,105.949249,75.327263
2011-02-02,106.339286,75.956949
2011-02-01,106.599306,75.940154
2011-01-31,106.932687,76.31797
2011-01-28,107.10884,76.903613
2011-01-27,106.821439,76.502031
2011-01-26,106.598935,76.159007
2011-01-25,106.858524,77.330299
2011-01-24,106.534037,76.602423
2011-01-21,106.524764,76.568957
2011-01-20,106.367157,75.966584
2011-01-19,106.839978,77.02911
2011-01-18,106.710183,76.476933
2011-01-14,106.877063,76.836681
2011-01-13,106.960506,77.330299
2011-01-12,106.543303,76.644258
2011-01-11,106.654559,77.246637
2011-01-10,106.858524,77.681685
2011-01-07,106.589662,77.263367
2011-01-06,106.051937,76.853417
2011-01-05,105.82016,76.518761
2011-01-04,106.413509,78.24223
2011-01-03,106.348611,78.150206
2010-12-31,106.292987,78.744217
2010-12-30,106.116834,77.882476
2010-12-29,106.283714,77.941047
2010-12-28,105.523485,76.644258
2010-12-27,106.054719,78.175303
2010-12-23,105.934405,77.483263
2010-12-22,106.230569,77.641684
2010-12-21,106.397162,78.200316
2010-12-20,106.369398,77.658357
2010-12-17,106.313869,77.741733
2010-12-16,105.841855,76.349321
2010-12-15,105.601219,75.824041
2010-12-14,105.795576,76.824576
2010-12-13,106.406419,77.958518
2010-12-10,106.036212,77.666696
2010-12-09,106.415676,78.141951
2010-12-08,106.619284,77.758413
2010-12-07,107.294912,78.51715
2010-12-06,108.164898,80.234743
2010-12-03,107.75767,79.117473
2010-12-02,107.544798,79.742809
2010-12-01,107.794691,79.951254
2010-11-30,108.511961,81.768903
2010-11-29,108.317894,81.345142
2010-11-26,108.262448,80.655493
2010-11-24,108.059137,79.550394
2010-11-23,108.742995,80.996165
2010-11-22,108.595137,80.59733
2010-11-19,108.123826,80.256658
2010-11-18,108.170036,79.76643
2010-11-17,108.37334,79.442379
2010-11-16,108.419549,79.882755
2010-11-15,108.151549,77.946756
2010-11-12,108.918583,79.608557
2010-11-11,109.436097,80.040629
2010-11-10,109.602441,80.08217
2010-11-09,109.389894,79.974155
2010-11-08,109.990576,81.777207
2010-11-05,110.046029,81.411615
2010-11-04,110.350996,82.832454
2010-11-03,109.99982,82.192657
2010-11-02,109.694853,83.904316
2010-11-01,109.611685,82.815833
2010-10-29,109.562697,83.173946
2010-10-28,109.26743,82.403663
2010-10-27,108.723034,82.180036
2010-10-26,109.045981,82.908903
2010-10-25,109.442747,84.209272
2010-10-22,109.507336,83.969076
2010-10-21,109.571926,83.405858
2010-10-20,109.811833,84.408059
2010-10-19,109.765694,84.225841
2010-10-18,109.682654,83.720601
2010-10-15,109.304339,83.049706
2010-10-14,109.387387,84.076753
2010-10-13,109.719563,85.352276
2010-10-12,109.618064,85.484794
2010-10-11,109.811833,86.337902
2010-10-08,109.765694,86.321339
2010-10-07,109.673425,86.702339
2010-10-06,109.562697,87.431206
2010-10-05,109.313568,86.346186
2010-10-04,109.193611,86.867988
2010-10-01,108.999843,86.644361
2010-09-30,108.926031,87.06512
2010-09-29,108.962881,87.122883
2010-09-28,109.036581,87.485959
2010-09-27,108.824695,86.891832
2010-09-24,108.428567,85.4065
2010-09-23,108.649667,86.570011
2010-09-22,108.566753,86.322454
2010-09-21,108.594388,85.555033
2010-09-20,108.069288,84.383274
2010-09-17,107.866617,83.896412
2010-09-16,107.737646,83.55809
2010-09-15,107.838981,84.391521
2010-09-14,107.940317,85.662304
2010-09-13,107.581039,84.845374
2010-09-10,107.18491,84.432783
2010-09-09,107.323096,84.82062
2010-09-08,107.848196,86.52875
2010-09-07,108.060081,87.221901
2010-09-03,107.627103,85.472516
2010-09-02,107.921896,86.545251
2010-09-01,108.069288,87.469458
2010-08-31,108.41475,89.316221
2010-08-30,108.22158,88.337169
2010-08-27,107.660465,86.675239
2010-08-26,108.28597,89.201038
2010-08-25,108.111194,88.370079
2010-08-24,108.396349,88.658036
2010-08-23,107.982414,87.259381
2010-08-20,107.798445,87.242929
2010-08-19,108.046804,87.341659
2010-08-18,107.853635,86.000596
2010-08-17,107.945619,85.770231
2010-08-16,108.138789,86.263871
2010-08-13,107.798445,84.157669
2010-08-12,107.63287,83.12102
2010-08-11,107.872029,83.326704
2010-08-10,107.660465,82.22424
2010-08-09,107.274125,82.051467
2010-08-06,107.37531,82.355875
2010-08-05,107.04416,81.467318
2010-08-04,106.758998,81.088861
2010-08-03,107.10855,81.714142
2010-08-02,106.64862,81.245182
2010-07-30,106.866622,82.401951
2010-07-29,106.499325,81.139022
2010-07-28,106.223846,81.163624
2010-07-27,105.828995,80.901197
2010-07-26,106.086106,81.688476
2010-07-23,106.113652,81.827889
2010-07-22,106.379948,82.705378
2010-07-21,106.57278,83.673076
2010-07-20,106.278939,82.278937
2010-07-19,106.187115,82.155923
2010-07-16,106.288123,82.664377
2010-07-15,105.930004,82.262532
2010-07-14,105.645347,81.450651
2010-07-13,105.232128,80.638771
2010-07-12,105.516792,81.33584
2010-07-09,105.461692,81.368644
2010-07-08,105.581069,81.836091
2010-07-07,105.709625,82.360944
2010-07-06,105.83818,83.336845
2010-07-02,105.590247,82.656175
2010-07-01,105.654525,83.32044
2010-06-30,105.716971,83.189224
2010-06-29,105.744469,82.633267
2010-06-28,105.506139,81.742103
2010-06-25,105.09365,80.981749
2010-06-24,104.98365,80.654714
2010-06-23,104.946983,81.137085
2010-06-22,104.736158,80.589305
2010-06-21,104.323663,79.640911
2010-06-18,104.415333,79.869833
2010-06-17,104.506996,80.000644
2010-06-16,104.241168,79.354751
2010-06-15,104.048673,78.905083
2010-06-14,104.250336,79.232118
2010-06-11,104.332831,79.640911
2010-06-10,103.947841,78.643456
2010-06-09,104.534495,80.074229
2010-06-08,104.497828,80.164164
2010-06-07,104.699491,80.564779
2010-06-04,104.479498,79.95159
2010-06-03,103.645345,77.858576
2010-06-02,103.727847,78.430883
2010-06-01,104.067002,79.183059
2010-05-28,103.781926,78.630377
2010-05-27,103.534938,78.271853
2010-05-26,104.102105,80.08891
2010-05-25,104.294208,80.317059
2010-05-24,104.184432,79.925941
2010-05-21,104.202731,80.202984
2010-05-20,104.230174,80.121503
2010-05-19,103.708749,78.467414
2010-05-18,103.763633,78.206672
2010-05-17,103.342835,77.025175
2010-05-14,103.489196,77.310362
2010-05-13,103.004363,75.990353
2010-05-12,102.830559,75.493311
2010-05-11,102.995213,76.071834
2010-05-10,102.885444,76.26739
2010-05-07,103.38857,77.880741
2010-05-06,103.370277,78.866676
2010-05-05,102.793967,76.503689
2010-05-04,102.455496,76.055534
2010-05-03,102.034697,74.711082
2010-04-30,102.229545,74.808853
2010-04-29,101.919147,73.956264
2010-04-28,101.773082,73.647703
2010-04-27,102.119992,74.281063
2010-04-26,101.435297,73.249829
2010-04-23,101.35313,73.168631
2010-04-22,101.508332,73.428468
2010-04-21,101.709177,73.647703
2010-04-20,101.563106,73.046831
2010-04-19,101.608755,72.786994
2010-04-16,101.818724,72.965633
2010-04-15,101.417034,72.437837
2010-04-14,101.234452,72.356639
2010-04-13,101.344005,72.868192
2010-04-12,101.22532,72.632713
2010-04-09,101.033607,72.251082
2010-04-08,101.00622,72.080558
2010-04-07,101.070124,72.048084
2010-04-06,100.704952,71.13865
2010-04-05,100.504107,71.024972
2010-04-01,101.170547,72.226717
2010-03-31,101.28923,72.403736
2010-03-30,101.107025,71.910257
2010-03-29,101.070582,71.683744
2010-03-26,101.070582,71.958794
2010-03-25,100.915701,71.756549
2010-03-24,101.052358,72.217667
2010-03-23,101.717419,73.560578
2010-03-22,101.808521,73.908439
2010-03-19,101.562544,73.827543
2010-03-18,101.735636,73.754731
2010-03-17,101.963396,73.997428
2010-03-16,101.972508,73.681926
2010-03-15,101.717419,73.099459
2010-03-12,101.662752,73.196539
2010-03-11,101.653646,72.743506
2010-03-10,101.772079,72.476541
2010-03-09,101.926954,72.662609
2010-03-08,101.799409,72.646432
2010-03-05,101.917848,73.026648
2010-03-04,102.26404,73.997428
2010-03-03,102.23671,73.609115
2010-03-02,102.23671,73.795183
2010-03-01,102.145608,73.892256
2010-02-26,102.087297,73.924615
2010-02-25,101.99636,73.545597
2010-02-24,101.668982,73.134326
2010-02-23,101.696262,72.956913
2010-02-22,101.214291,71.835988
2010-02-19,101.187003,72.13436
2010-02-18,101.305228,71.747281
2010-02-17,101.514382,72.037593
2010-02-16,101.859952,72.868206
2010-02-12,101.769015,72.731116
2010-02-11,101.578038,72.432738
2010-02-10,101.550758,72.827882
2010-02-09,101.832671,73.529471
2010-02-08,102.050921,74.271377
2010-02-05,102.160043,74.17461
2010-02-04,101.923608,74.013322
2010-02-03,101.341604,72.86014
2010-02-02,101.559854,73.71495
2010-02-01,101.514382,73.505279
2010-01-29,101.682622,74.178637
2010-01-28,101.437577,73.535775
2010-01-27,101.31052,73.575951
2010-01-26,101.528339,73.616132
2010-01-25,101.401281,73.592026
2010-01-22,101.492036,73.929529
2010-01-21,101.437577,74.058105
2010-01-20,101.156237,73.720596
2010-01-19,100.965651,72.981302
2010-01-15,101.065483,73.190235
2010-01-14,100.793213,72.740225
2010-01-13,100.548176,71.735748
2010-01-12,100.883974,72.579511
2010-01-11,100.448344,71.358069
2010-01-08,100.339435,71.751823
2010-01-07,100.19423,71.783967
2010-01-06,100.230533,71.663428
2010-01-05,100.366661,72.635761
2010-01-04,100.049017,72.169683
2009-12-31,99.976418,72.233971
2009-12-30,100.167004,72.579511
2009-12-29,100.139771,72.105401
2009-12-28,99.973693,71.632894
2009-12-24,100.281663,71.833075
2009-12-23,100.462828,72.585759
2009-12-22,100.544347,72.569741
2009-12-21,100.825145,72.978113
2009-12-18,101.368633,74.299311
2009-12-17,101.658491,74.619602
2009-12-16,101.087829,73.410505
2009-12-15,101.069716,73.498585
2009-12-14,101.250874,73.826879
2009-12-11,101.441092,73.738799
2009-12-10,101.667544,73.746808
2009-12-09,101.912115,74.603584
2009-12-08,102.029867,74.947896
2009-12-07,101.703777,74.835795
2009-12-04,101.468265,74.739706
2009-12-03,102.029867,75.540431
2009-12-02,102.165739,76.333154
2009-12-01,102.328784,76.269094
2009-11-30,102.562484,77.128268
2009-11-27,102.454281,76.94469
2009-11-25,102.102608,76.657344
2009-11-24,101.913239,76.306142
2009-11-23,101.606655,75.827234
2009-11-20,101.606655,75.923018
2009-11-19,101.615674,75.938979
2009-11-18,101.489433,75.80329
2009-11-17,101.561566,76.25027
2009-11-16,101.489433,75.843195
2009-11-13,101.155791,74.965197
2009-11-12,101.038569,74.621979
2009-11-11,101.083651,74.757674
2009-11-10,100.930359,74.446378
2009-11-09,100.939378,74.582073
2009-11-06,100.88527,74.494273
2009-11-05,100.668857,74.422433
2009-11-04,100.542616,74.422433
2009-11-03,100.596717,75.10887
2009-11-02,100.695908,75.867146
2009-10-30,100.736487,76.203977
2009-10-29,100.297485,75.113989
2009-10-28,100.557301,75.941423
2009-10-27,100.36916,75.583398
2009-10-26,99.77786,74.565012
2009-10-23,100.055591,75.543615
2009-10-22,100.422912,76.116459
2009-10-21,100.512509,76.490399
2009-10-20,100.799201,76.951857
2009-10-19,100.476672,76.538134
2009-10-16,100.440834,75.941423
2009-10-15,100.225817,75.328802
2009-10-14,100.45875,75.678874
2009-10-13,100.817116,76.816604
2009-10-12,100.557301,76.418796
2009-10-09,100.404997,76.299453
2009-10-08,101.032133,78.089586
2009-10-07,101.21132,78.917026
2009-10-06,100.870869,78.002068
2009-10-05,101.005257,78.781767
2009-10-02,100.996303,78.773815
2009-10-01,101.112769,79.322785
2009-09-30,100.595827,78.251101
2009-09-29,100.381224,78.32248
2009-09-28,100.434873,78.39386
2009-09-25,100.318631,77.711766
2009-09-24,100.256039,76.736202
2009-09-23,100.13979,76.514124
2009-09-22,99.907307,76.284113
2009-09-21,99.75529,76.125488
2009-09-18,99.674817,75.950996
2009-09-17,100.005661,76.633096
2009-09-16,99.701642,75.681326
2009-09-15,99.960956,75.546494
2009-09-14,100.130853,75.93513
2009-09-11,100.336512,76.696543
2009-09-10,100.318631,76.27618
2009-09-09,99.952012,74.89612
2009-09-08,99.925188,74.983366
2009-09-04,99.996724,75.514767
2009-09-03,100.238151,76.823448
2009-09-02,100.479585,77.29933
2009-09-01,100.095085,76.188934
2009-08-31,99.864387,76.373732
2009-08-28,99.632349,76.30258
2009-08-27,99.409239,75.954706
2009-08-26,99.53418,76.255138
2009-08-25,99.471709,75.90727
2009-08-24,99.311069,75.480336
2009-08-21,98.8827,74.136281
2009-08-20,99.552033,75.6938
2009-08-19,99.444937,75.077119
2009-08-18,99.311069,74.460437
2009-08-17,99.525254,74.89528
2009-08-14,99.043341,73.804223
2009-08-13,98.82023,73.5196
2009-08-12,98.374008,72.491799
2009-08-11,98.374008,73.27451
2009-08-10,98.115199,72.436456
2009-08-07,97.651125,71.543054
2009-08-06,98.088427,72.143925
2009-08-05,98.070574,71.898836
2009-08-04,98.257986,72.989887
2009-08-03,98.365082,73.574943
2009-07-31,99.016558,74.707112
2009-07-30,98.428714,73.280895
2009-07-29,98.268392,72.256536
2009-07-28,98.384178,71.862552
2009-07-27,98.446525,71.232183
2009-07-24,98.642475,72.059544
2009-07-23,98.491062,71.712843
2009-07-22,99.203599,73.052384
2009-07-21,99.533152,73.714279
2009-07-20,98.954211,72.272298
2009-07-17,98.713731,71.894072
2009-07-16,98.9364,73.020864
2009-07-15,98.571219,72.240779
2009-07-14,99.444086,74.147657
2009-07-13,99.693474,75.400527
2009-07-10,99.951771,75.826029
2009-07-09,99.506433,75.132615
2009-07-08,99.871607,76.038778
2009-07-07,99.257044,74.659836
2009-07-06,99.150161,74.163419
2009-07-02,98.900772,74.305254
2009-07-01,98.589037,74.1319
2009-06-30,98.490171,74.279244
2009-06-29,98.499063,74.404917
2009-06-26,98.472388,74.29495
2009-06-25,98.339046,74.169282
2009-06-24,97.627859,72.834033
2009-06-23,97.725647,73.572345
2009-06-22,97.618967,72.716216
2009-06-19,97.245597,72.017173
2009-06-18,97.076688,71.043221
2009-06-17,97.814544,72.134984
2009-06-16,97.725647,72.543418
2009-06-15,97.49451,71.302418
2009-06-12,97.272265,70.666212
2009-06-11,97.067803,70.037856
2009-06-10,96.71221,69.268126
2009-06-09,96.898895,70.375596
2009-06-08,96.516633,70.383452
2009-06-05,97.05002,70.564101
2009-06-04,98.205698,71.106057
2009-06-03,98.721308,72.606254
2009-06-02,98.356823,71.930774
2009-06-01,98.259034,71.545903
2009-05-29,99.139129,73.72551
2009-05-28,98.535812,71.870045
2009-05-27,98.553561,70.844445
2009-05-26,98.93507,72.120572
2009-05-22,99.352069,73.224455
2009-05-21,99.627109,74.046501
2009-05-20,100.088466,75.956768
2009-05-19,99.78681,75.166045
2009-05-18,99.840042,75.565319
2009-05-15,100.221551,76.755327
2009-05-14,100.345763,76.778813
2009-05-13,100.283657,76.481314
2009-05-12,100.106214,75.659269
2009-05-11,100.044108,75.385256
2009-05-08,99.547254,74.328345
2009-05-07,99.467407,74.148275
2009-05-06,99.911022,76.003746
2009-05-05,99.831168,76.183809
2009-05-04,99.919896,76.277759
2009-05-01,99.919896,76.027232
2009-04-30,100.11597,76.554124
2009-04-29,100.009687,76.858529
2009-04-28,100.31967,77.545391
2009-04-27,100.665087,78.833263
2009-04-24,100.239963,78.497636
2009-04-23,100.44367,79.293771
2009-04-22,100.47909,79.301578
2009-04-21,100.523377,79.785507
2009-04-20,100.771363,80.581642
2009-04-17,100.372815,79.379629
2009-04-16,100.833359,80.261629
2009-04-15,101.116773,80.901661
2009-04-14,101.081345,81.042157
2009-04-13,100.78908,80.620671
2009-04-09,100.355097,79.886973
2009-04-08,100.567663,80.901661
2009-04-07,100.452521,80.191379
2009-04-06,100.301959,79.988446
2009-04-03,100.425953,80.331874
2009-04-02,101.196487,82.010009
2009-04-01,101.612752,83.024697
2009-03-31,101.518865,82.273826
2009-03-30,101.14765,81.690103
2009-03-27,100.935522,81.378783
2009-03-26,100.926688,80.779497
2009-03-25,100.688045,79.853321
2009-03-24,100.944362,80.942938
2009-03-23,101.041586,80.180204
2009-03-20,101.218353,80.880673
2009-03-19,101.253708,81.332087
2009-03-18,101.510025,81.230911
2009-03-17,99.671618,78.265593
2009-03-16,99.901421,78.693659
2009-03-13,100.281476,79.954503
2009-03-12,100.016325,80.359215
2009-03-11,99.848392,79.977851
2009-03-10,99.706973,79.121725
2009-03-09,100.140063,80.670535
2009-03-06,100.210766,81.145297
2009-03-05,100.502438,81.690103
2009-03-04,99.97213,79.479741
2009-03-03,100.272635,79.845536
2009-03-02,100.414054,80.382563
2009-02-27,99.763545,79.07346
2009-02-26,99.419534,79.531388
2009-02-25,99.569486,80.377381
2009-02-24,100.089918,81.316514
2009-02-23,100.301616,81.40189
2009-02-20,100.398646,80.656793
2009-02-19,100.186948,79.88065
2009-02-18,100.3369,81.262184
2009-02-17,100.901433,81.960714
2009-02-13,99.966427,79.484821
2009-02-12,100.513314,81.658018
2009-02-11,100.460391,82.434162
2009-02-10,100.372185,81.378606
2009-02-09,99.525386,79.647811
2009-02-06,99.6577,79.391682
2009-02-05,100.072273,79.640047
2009-02-04,100.001711,79.570191
2009-02-03,100.054634,79.849603
2009-02-02,100.883794,81.797724
2009-01-30,100.401294,80.303649
2009-01-29,100.304483,80.559074
2009-01-28,100.718129,82.455399
2009-01-27,101.202178,84.568452
2009-01-26,100.920547,82.625682
2009-01-23,101.078965,83.353255
2009-01-22,101.184579,84.011163
2009-01-21,101.386997,85.659804
2009-01-20,101.906257,88.453985
2009-01-16,101.888651,88.469468
2009-01-15,102.231894,89.854943
2009-01-14,102.372706,89.707885
2009-01-13,102.064674,88.25274
2009-01-12,102.108675,88.159863
2009-01-09,101.879855,87.254271
2009-01-08,101.571823,87.122685
2009-01-07,101.378201,87.192349
2009-01-06,101.219783,86.851782
2009-01-05,101.122972,87.734154
2009-01-02,101.052563,90.056187
2008-12-31,101.703832,92.378221
2008-12-30,102.099879,94.351951
2008-12-29,102.214289,93.461837
2008-12-26,101.938816,93.574073
2008-12-24,101.833469,93.265501
2008-12-23,101.886139,93.466074
2008-12-22,101.930036,93.589499
2008-12-19,102.342638,94.314642
2008-12-18,102.553326,94.214353
2008-12-17,102.18462,92.278076
2008-12-16,102.641112,89.840364
2008-12-15,101.789572,87.672657
2008-12-12,101.701786,86.685231
2008-12-11,101.385751,86.685231
2008-12-10,101.28041,86.515516
2008-12-09,101.148728,86.723799
2008-12-08,100.525437,85.042088
2008-12-05,100.859027,85.227235
2008-12-04,101.649116,86.631232
2008-12-03,101.262849,84.957231
2008-12-02,101.104831,84.718091
2008-12-01,101.008265,84.394093
2008-11-28,99.94341,81.281389
2008-11-26,99.566793,80.28959
2008-11-25,99.426654,80.181953
2008-11-24,98.629633,77.890818
2008-11-21,99.444175,79.128645
2008-11-20,99.925889,80.28959
2008-11-19,99.295282,76.345461
2008-11-18,98.734737,74.438744
2008-11-17,98.288051,73.493072
2008-11-14,98.226742,73.170162
2008-11-13,97.648677,71.747816
2008-11-12,97.972744,73.508452
2008-11-11,97.639923,73.039462
2008-11-10,97.455988,72.824188
2008-11-07,97.280821,72.470524
2008-11-06,97.648677,72.947199
2008-11-05,97.569853,73.477698
2008-11-04,97.438474,72.616599
2008-11-03,96.73779,71.278826
2008-10-31,96.238555,71.086615
2008-10-30,95.880405,72.020858
2008-10-29,96.334646,72.679422
2008-10-28,96.16867,73.046989
2008-10-27,96.387056,74.12673
2008-10-24,96.448211,74.073127
2008-10-23,96.570507,74.869524
2008-10-22,96.622917,74.318173
2008-10-21,96.151202,72.840233
2008-10-20,95.696961,72.457347
2008-10-17,95.469837,71.883018
2008-10-16,95.51351,72.380765
2008-10-15,95.356279,72.755998
2008-10-14,94.814678,72.066802
2008-10-13,94.342962,72.533923
2008-10-10,95.635813,73.47582
2008-10-09,95.60087,73.996545
2008-10-08,95.941553,74.624478
2008-10-07,97.147044,75.711878
2008-10-06,96.937395,75.941606
2008-10-03,96.282235,74.586193
2008-10-02,96.011438,73.935287
2008-10-01,95.295124,73.34564
2008-09-30,94.845251,72.434372
2008-09-29,95.638312,74.243707
2008-09-26,94.409501,72.14427
2008-09-25,94.444362,71.625137
2008-09-24,94.975977,71.77019
2008-09-23,94.479223,71.457181
2008-09-22,94.392068,71.732016
2008-09-19,94.287492,71.739652
2008-09-18,95.856186,74.091023
2008-09-17,96.413945,75.19036
2008-09-16,95.525019,74.81628
2008-09-15,95.87362,74.831546
2008-09-12,94.49665,72.480182
2008-09-11,94.644803,73.426835
2008-09-10,94.679664,73.465009
2008-09-09,94.792956,73.923067
2008-09-08,94.49665,73.197803
2008-09-05,94.618659,72.892435
2008-09-04,94.792956,72.930604
2008-09-03,94.470506,72.350394
2008-09-02,94.235198,72.045026
2008-08-29,93.908383,71.380834
2008-08-28,93.977934,71.700318
2008-08-27,94.090955,71.69271
2008-08-26,93.977934,71.571001
2008-08-25,93.917079,71.510152
2008-08-22,93.612804,70.802733
2008-08-21,93.830144,70.848371
2008-08-20,94.038789,70.977683
2008-08-19,93.821449,70.779914
2008-08-18,93.830144,71.053754
2008-08-15,93.647579,70.772306
2008-08-14,93.456319,70.163771
2008-08-13,93.273753,69.714981
2008-08-12,93.430239,69.958394
2008-08-11,92.969478,69.311829
2008-08-08,93.256363,69.981213
2008-08-07,93.404159,69.791047
2008-08-06,92.821682,68.672868
2008-08-05,92.856457,68.954316
2008-08-04,93.047718,69.471568
2008-08-01,93.099877,69.631307
2008-07-31,92.997294,69.477653
2008-07-30,92.546359,68.795533
2008-07-29,92.424953,68.727323
2008-07-28,92.685106,69.007752
2008-07-25,92.268859,68.318051
2008-07-24,92.537685,69.007752
2008-07-23,91.956671,68.340787
2008-07-22,92.052062,68.477212
2008-07-21,92.277533,68.818275
2008-07-18,92.173468,68.553002
2008-07-17,92.485656,68.810694
2008-07-16,92.875888,69.166913
2008-07-15,93.283468,70.440203
2008-07-14,92.979953,70.462939
2008-07-11,92.598388,69.849034
2008-07-10,93.24878,70.85705
2008-07-09,93.283468,70.864631
2008-07-08,92.893236,70.553885
2008-07-07,92.823859,70.09914
2008-07-03,92.598388,69.780819
2008-07-02,92.450968,69.932398
2008-07-01,92.234171,69.568605
2008-06-30,92.332166,69.733825
2008-06-27,92.288916,69.718724
2008-06-26,92.029438,68.910675
2008-06-25,91.545068,68.450012
2008-06-24,91.475878,68.419804
2008-06-23,91.147198,67.966694
2008-06-20,91.268288,67.823207
2008-06-19,90.922318,67.430513
2008-06-18,91.311538,67.83076
2008-06-17,91.026107,67.264371
2008-06-16,90.645538,67.128437
2008-06-13,90.671486,67.113336
2008-06-12,90.766629,67.256817
2008-06-11,91.588318,67.936486
2008-06-10,91.302887,68.095074
2008-06-09,91.856447,68.540636
2008-06-06,92.608946,68.540636
2008-06-05,92.020787,67.664618
2008-06-04,92.366764,68.072419
2008-06-03,92.539749,68.684118
2008-06-02,92.064037,68.193252
2008-05-30,91.65492,67.9312
2008-05-29,91.473767,67.487257
2008-05-28,91.689426,67.976345
2008-05-27,92.129371,68.585834
2008-05-23,92.534804,69.052349
2008-05-22,92.146621,68.751374
2008-05-21,92.681457,69.571542
2008-05-20,92.86261,69.556495
2008-05-19,92.672829,69.195317
2008-05-16,92.45717,69.105021
2008-05-15,92.612445,69.390955
2008-05-14,92.198377,68.76642
2008-05-13,92.319146,68.736322
2008-05-12,92.905737,69.496298
2008-05-09,93.06964,69.601641
2008-05-08,93.05239,69.34581
2008-05-07,92.621073,68.728796
2008-05-06,92.36228,68.43534
2008-05-05,92.431292,68.93196
2008-05-02,92.284646,68.93196
2008-05-01,92.612445,69.812326
2008-04-30,92.794457,69.807809
2008-04-29,92.648176,69.312982
2008-04-28,92.484689,69.050576
2008-04-25,92.269568,68.840651
2008-04-24,92.450269,69.245508
2008-04-23,92.932137,69.8378
2008-04-22,93.078418,70.070215
2008-04-21,93.043998,69.830301
2008-04-18,93.130051,69.552897
2008-04-17,93.310752,69.612877
2008-04-16,93.491452,69.732837
2008-04-15,94.024947,70.422592
2008-04-14,94.308908,71.307279
2008-04-11,94.437982,71.727129
2008-04-10,94.111001,71.247299
2008-04-09,94.326122,71.487214
2008-04-08,93.835647,70.752477
2008-04-07,93.79262,70.999885
2008-04-04,94.274488,71.374752
2008-04-03,93.818433,70.72998
2008-04-02,93.956114,70.572536
2008-04-01,94.222861,70.422592
2008-03-31,94.976638,71.587682
2008-03-28,94.796352,71.333854
2008-03-27,94.616066,70.647014
2008-03-26,94.650407,71.147214
2008-03-25,94.392853,71.445833
2008-03-24,94.324177,71.147214
2008-03-20,95.423065,72.550745
2008-03-19,95.526082,72.371572
2008-03-18,95.079661,71.192005
2008-03-17,95.672033,71.468235
2008-03-14,95.217025,70.923243
2008-03-13,94.581725,70.05723
2008-03-12,94.744844,70.609689
2008-03-11,94.023694,69.273345
2008-03-10,94.925129,69.87059
2008-03-07,94.598899,68.855273
2008-03-06,94.341344,68.765684
2008-03-05,93.869163,68.399871
2008-03-04,94.075209,69.228553
2008-03-03,94.10955,69.90792
2008-02-29,94.244334,70.08859
2008-02-28,93.464822,69.032385
2008-02-27,92.736704,67.827427
2008-02-26,92.582513,67.767921
2008-02-25,92.376922,67.745608
2008-02-22,92.753833,68.444779
2008-02-21,92.967986,68.839
2008-02-20,92.308398,68.11751
2008-02-19,92.436891,67.64891
2008-02-15,93.01938,68.340647
2008-02-14,92.925159,67.819987
2008-02-13,93.096479,68.83156
2008-02-12,93.224972,69.567924
2008-02-11,93.293502,69.984452
2008-02-08,93.173571,69.694369
2008-02-07,92.685303,68.905939
2008-02-06,93.216404,70.423299
2008-02-05,93.327761,70.639002
2008-02-04,92.728136,70.103463
2008-02-01,93.002251,70.832393
2008-01-31,92.802662,70.409165
2008-01-30,92.48651,69.912545
2008-01-29,92.375433,70.372107
2008-01-28,92.648859,70.853901
2008-01-25,92.785569,71.120743
2008-01-24,92.375433,69.942194
2008-01-23,92.930832,71.372763
2008-01-22,93.110267,71.535834
2008-01-18,92.281442,70.779779
2008-01-17,92.315621,71.268992
2008-01-16,91.854213,70.35728
2008-01-15,91.879846,70.868728
2008-01-14,91.640599,70.083029
2008-01-11,91.580787,69.823595
2008-01-10,91.230456,69.282503
2008-01-09,91.281728,70.231272
2008-01-08,91.239002,70.097851
2008-01-07,91.170644,70.179387
2008-01-04,91.076653,69.875481
2008-01-03,90.769054,69.860659
2008-01-02,90.632338,69.957016
2007-12-31,90.162384,68.963775
2007-12-28,89.888957,68.548689
2007-12-27,89.427556,67.496142
2007-12-26,89.041337,66.768261
2007-12-24,89.313895,67.358865
2007-12-21,89.501279,67.676318
2007-12-20,89.952703,68.680352
2007-12-19,89.935664,68.828007
2007-12-18,89.49276,67.927329
2007-12-17,89.526831,67.491752
2007-12-14,89.058369,66.893763
2007-12-13,89.382036,67.203831
2007-12-12,89.629042,67.942092
2007-12-11,90.284883,68.650821
2007-12-10,89.271305,67.329334
2007-12-07,89.53535,67.73538
2007-12-06,89.765318,68.503171
2007-12-05,90.131568,69.108544
2007-12-04,90.250812,69.942776
2007-12-03,90.284883,69.950161
2007-11-30,89.908411,69.399418
2007-11-29,89.755592,69.737664
2007-11-28,89.43297,69.142058
2007-11-27,89.645218,69.612661
2007-11-26,90.129151,70.281805
2007-11-23,89.382033,68.921465
2007-11-21,89.696162,68.715571
2007-11-20,89.144315,68.318504
2007-11-19,89.127338,68.392035
2007-11-16,88.550023,67.950844
2007-11-15,88.550023,67.855249
2007-11-14,88.210424,67.222874
2007-11-13,88.015153,67.149343
2007-11-12,88.541531,67.399355
2007-11-09,88.431164,67.156698
2007-11-08,88.142503,66.590499
2007-11-07,87.870825,66.708153
2007-11-06,87.556695,66.590499
2007-11-05,87.633108,66.914042
2007-11-02,87.599148,66.943455
2007-11-01,87.488781,66.730212
2007-10-31,87.011646,65.874302
2007-10-30,87.316208,66.474624
2007-10-29,87.299291,66.511225
2007-10-26,87.316208,66.254992
2007-10-25,87.392352,66.408732
2007-10-24,87.375428,66.635681
2007-10-23,87.053949,66.145176
2007-10-22,87.08779,66.233029
2007-10-19,87.08779,66.225707
2007-10-18,86.740924,65.252013
2007-10-17,86.343301,64.893286
2007-10-16,86.055662,64.190472
2007-10-15,85.861078,64.16851
2007-10-12,85.92876,64.153864
2007-10-11,86.0472,64.468667
2007-10-10,86.004904,64.534559
2007-10-09,85.962601,64.497952
2007-10-08,86.284081,64.578483
2007-10-05,86.081041,64.62973
2007-10-04,86.487127,65.332545
2007-10-03,86.402521,65.083634
2007-10-02,86.495582,65.273981
2007-10-01,86.36868,65.068989
2007-09-28,86.32469,64.699279
2007-09-27,86.366837,64.553425
2007-09-26,86.172947,64.108586
2007-09-25,86.130794,64.050245
2007-09-24,86.021204,64.276311
2007-09-21,85.94533,64.093998
2007-09-20,85.692429,63.554353
2007-09-19,86.32469,64.779497
2007-09-18,86.366837,65.384778
2007-09-17,86.257247,65.880664
2007-09-14,86.274105,65.567091
2007-09-13,86.189805,65.472285
2007-09-12,86.552301,66.062977
2007-09-11,86.611312,66.310926
2007-09-10,86.830497,66.361974
2007-09-07,86.645033,65.851499
2007-09-06,86.071783,64.932639
2007-09-05,86.282537,65.100364
2007-09-04,85.861029,64.582596
2007-08-31,85.92089,64.551969
2007-08-30,85.946086,64.501129
2007-08-29,85.626923,64.072625
2007-08-28,85.92089,64.246931
2007-08-27,85.425351,64.137988
2007-08-24,85.27417,63.803899
2007-08-23,85.332962,63.491597
2007-08-22,85.442152,63.273716
2007-08-21,85.710917,63.375395
2007-08-20,85.467348,63.070352
2007-08-17,85.290972,63.034041
2007-08-16,85.559737,63.288239
2007-08-15,84.946613,62.641848
2007-08-14,85.601727,62.866994
2007-08-13,84.577059,62.699952
2007-08-10,84.425878,62.518382
2007-08-09,84.543469,62.663636
2007-08-08,84.182315,62.576486
2007-08-07,84.316695,63.346343
2007-08-06,84.434279,63.397183
2007-08-03,84.703044,63.862003
2007-08-02,84.358692,63.440758
2007-08-01,84.19911,63.280975
2007-07-31,84.358687,63.418247
2007-07-30,84.166225,62.962465
2007-07-27,84.341954,63.143329
2007-07-26,84.266638,62.962465
2007-07-25,83.705977,62.441575
2007-07-24,83.630668,62.318589
2007-07-23,83.480042,62.087083
2007-07-20,83.480042,62.188366
2007-07-19,83.17879,61.631307
2007-07-18,83.212263,61.645774
2007-07-17,83.003061,61.414268
2007-07-16,83.070001,61.54449
2007-07-13,82.877538,60.958492
2007-07-12,82.810592,60.792094
2007-07-11,82.902642,61.001897
2007-07-10,83.103474,61.638537
2007-07-09,82.61813,60.61123
2007-07-06,82.534444,60.394196
2007-07-05,82.659966,60.640169
2007-07-03,83.003061,61.327451
2007-07-02,83.120214,61.703651
2007-06-29,82.998041,61.380989
2007-06-28,82.731327,60.753994
2007-06-27,82.848014,60.768406
2007-06-26,82.747994,60.710749
2007-06-25,82.706324,60.696338
2007-06-22,82.597967,60.364822
2007-06-21,82.422937,59.97565
2007-06-20,82.48128,60.263926
2007-06-19,82.597967,60.753994
2007-06-18,82.37293,60.191853
2007-06-15,82.314587,60.314374
2007-06-14,82.072876,59.903582
2007-06-13,82.106216,60.054926
2007-06-12,81.972856,59.34865
2007-06-11,82.322917,60.220681
2007-06-08,82.30625,60.39365
2007-06-07,82.30625,60.444098
2007-06-06,82.681314,61.54675
2007-06-05,82.54796,61.575578
2007-06-04,82.722991,61.96475
2007-06-01,82.61464,61.683677
2007-05-31,82.870513,62.009428
2007-05-30,82.945242,62.12429
2007-05-29,82.895421,61.995073
2007-05-25,82.970149,62.002253
2007-05-24,83.053176,62.145825
2007-05-23,83.019964,62.088394
2007-05-22,83.019964,62.267861
2007-05-21,83.227535,62.590905
2007-05-18,83.111296,62.404258
2007-05-17,83.260747,62.820622
2007-05-16,83.451715,63.079055
2007-05-15,83.393595,63.122126
2007-05-14,83.385291,63.143661
2007-05-11,83.509834,63.308773
2007-05-10,83.567954,63.53131
2007-05-09,83.484927,63.380559
2007-05-08,83.617769,63.631811
2007-05-07,83.601166,63.775383
2007-05-04,83.567954,63.603096
2007-05-03,83.44341,63.344663
2007-05-02,83.518133,63.48824
2007-05-01,83.551345,63.52413
2007-04-30,83.599498,63.478185
2007-04-27,83.351334,62.820159
2007-04-26,83.351334,62.834461
2007-04-25,83.483687,63.292219
2007-04-24,83.574682,63.513949
2007-04-23,83.434055,63.277917
2007-04-20,83.318244,63.049038
2007-04-19,83.34306,63.213542
2007-04-18,83.34306,63.32083
2007-04-17,83.218975,63.006119
2007-04-16,82.954262,62.65565
2007-04-13,82.896357,62.312334
2007-04-12,82.987352,62.505448
2007-04-11,83.003894,62.491146
2007-04-10,83.012168,62.534059
2007-04-09,82.904631,62.348093
2007-04-05,83.235523,62.762938
2007-04-04,83.37615,62.998971
2007-04-03,83.177617,62.934596
2007-04-02,83.252064,63.013273
2007-03-30,83.248761,62.908847
2007-03-29,83.257005,63.029989
2007-03-28,83.347672,63.115504
2007-03-27,83.32294,63.243773
2007-03-26,83.339428,63.350665
2007-03-23,83.232279,63.272278
2007-03-22,83.314702,63.450429
2007-03-21,83.471304,63.956379
2007-03-20,83.306458,63.927874
2007-03-19,83.174582,63.892247
2007-03-16,83.314702,64.027638
2007-03-15,83.298213,64.041894
2007-03-14,83.380643,64.049016
2007-03-13,83.397125,64.341187
2007-03-12,83.141611,63.956379
2007-03-09,82.993247,63.706968
2007-03-08,83.289975,64.383941
2007-03-07,83.273487,64.440951
2007-03-06,83.158093,64.19154
2007-03-05,83.240516,64.383941
2007-03-02,83.21579,64.277049
2007-03-01,82.985002,63.956379
2007-02-28,82.969334,63.996999
2007-02-27,83.117171,64.288053
2007-02-26,82.616168,63.485874
2007-02-23,82.476546,63.067033
2007-02-22,82.30407,62.619802
2007-02-21,82.427269,62.960554
2007-02-20,82.353347,63.067033
2007-02-16,82.361562,62.925057
2007-02-15,82.353347,62.704991
2007-02-14,82.230155,62.520417
2007-02-13,81.876988,61.931203
2007-02-12,81.909842,62.066085
2007-02-09,81.975542,62.208062
2007-02-08,82.156233,62.563009
2007-02-07,82.12338,62.513317
2007-02-06,82.033034,62.328748
2007-02-05,81.893412,61.987996
2007-02-02,81.786643,61.902807
2007-02-01,81.745575,61.824718
2007-01-31,81.79732,61.899263
2007-01-30,81.58431,61.383138
2007-01-29,81.543344,61.312438
2007-01-26,81.567921,61.446773
2007-01-25,81.559733,61.496264
2007-01-24,81.723587,61.941682
2007-01-23,81.690815,61.948754
2007-01-22,81.805514,62.358819
2007-01-19,81.764554,62.210346
2007-01-18,81.854676,62.380034
2007-01-17,81.780937,62.189136
2007-01-16,81.789131,62.380034
2007-01-12,81.871059,62.245699
